[ERROR] [1731749540.719515]: Tried to publish before configured, topic id 128
[ERROR] [1731749540.739488]: Tried to publish before configured, topic id 125
[ERROR] [1731749540.743038]: Tried to publish before configured, topic id 128
[ERROR] [1731749540.770313]: Tried to publish before configured, topic id 125
[ERROR] [1731749540.773624]: Tried to publish before configured, topic id 128
[ERROR] [1731749540.793248]: Tried to publish before configured, topic id 125
[ERROR] [1731749540.796625]: Tried to publish before configured, topic id 128
[ERROR] [1731749540.821937]: Tried to publish before configured, topic id 125
[ERROR] [1731749540.825001]: Tried to publish before configured, topic id 128
[ERROR] [1731749540.852344]: Tried to publish before configured, topic id 125
[ERROR] [1731749540.856467]: Tried to publish before configured, topic id 128
[ERROR] [1731749540.882004]: Tried to publish before configured, topic id 125
[ERROR] [1731749540.885068]: Tried to publish before configured, topic id 128
[ERROR] [1731749540.910392]: Tried to publish before configured, topic id 125
[ERROR] [1731749540.913430]: Tried to publish before configured, topic id 128
[ERROR] [1731749540.941279]: Tried to publish before configured, topic id 125
[ERROR] [1731749540.944671]: Tried to publish before configured, topic id 128
[ERROR] [1731749540.970898]: Tried to publish before configured, topic id 125
[ERROR] [1731749540.974063]: Tried to publish before configured, topic id 128
[ERROR] [1731749541.000092]: Tried to publish before configured, topic id 125
[ERROR] [1731749541.003592]: Tried to publish before configured, topic id 128
[ERROR] [1731749541.028978]: Tried to publish before configured, topic id 125
[ERROR] [1731749541.033363]: Tried to publish before configured, topic id 128
[ERROR] [1731749541.059917]: Tried to publish before configured, topic id 125
[ERROR] [1731749541.063206]: Tried to publish before configured, topic id 128
[ERROR] [1731749541.089666]: Tried to publish before configured, topic id 125
[ERROR] [1731749541.093150]: Tried to publish before configured, topic id 128
[ERROR] [1731749541.119719]: Tried to publish before configured, topic id 125
[ERROR] [1731749541.122994]: Tried to publish before configured, topic id 128
[ERROR] [1731749541.149399]: Tried to publish before configured, topic id 125
[ERROR] [1731749541.152704]: Tried to publish before configured, topic id 128
[ERROR] [1731749541.178948]: Tried to publish before configured, topic id 125
[ERROR] [1731749541.182187]: Tried to publish before configured, topic id 128
[ERROR] [1731749541.208493]: Tried to publish before configured, topic id 125
[ERROR] [1731749541.211965]: Tried to publish before configured, topic id 128
[ERROR] [1731749541.237092]: Tried to publish before configured, topic id 125
[ERROR] [1731749541.241331]: Tried to publish before configured, topic id 128
[ERROR] [1731749541.268829]: Tried to publish before configured, topic id 125
[ERROR] [1731749541.272033]: Tried to publish before configured, topic id 128
[ERROR] [1731749541.297229]: Tried to publish before configured, topic id 125
[ERROR] [1731749541.300535]: Tried to publish before configured, topic id 128
[ERROR] [1731749541.326856]: Tried to publish before configured, topic id 125
[ERROR] [1731749541.330129]: Tried to publish before configured, topic id 128
[ERROR] [1731749541.355292]: Tried to publish before configured, topic id 125
[ERROR] [1731749541.358441]: Tried to publish before configured, topic id 128
[ERROR] [1731749541.383975]: Tried to publish before configured, topic id 125
[ERROR] [1731749541.388284]: Tried to publish before configured, topic id 128
[ERROR] [1731749541.414261]: Tried to publish before configured, topic id 125
[ERROR] [1731749541.417803]: Tried to publish before configured, topic id 128
[ERROR] [1731749541.443211]: Tried to publish before configured, topic id 125
[ERROR] [1731749541.447174]: Tried to publish before configured, topic id 128
[ERROR] [1731749541.465754]: Tried to publish before configured, topic id 125
[ERROR] [1731749541.469333]: Tried to publish before configured, topic id 128
[ERROR] [1731749541.495242]: Tried to publish before configured, topic id 125
[ERROR] [1731749541.498628]: Tried to publish before configured, topic id 128
[ERROR] [1731749541.524204]: Tried to publish before configured, topic id 125
[ERROR] [1731749541.527715]: Tried to publish before configured, topic id 128
[ERROR] [1731749541.552962]: Tried to publish before configured, topic id 125
[ERROR] [1731749541.557492]: Tried to publish before configured, topic id 128
[ERROR] [1731749541.582892]: Tried to publish before configured, topic id 125
[ERROR] [1731749541.586142]: Tried to publish before configured, topic id 128
[ERROR] [1731749541.611131]: Tried to publish before configured, topic id 125
[ERROR] [1731749541.615557]: Tried to publish before configured, topic id 128
[ERROR] [1731749541.641816]: Tried to publish before configured, topic id 125
[ERROR] [1731749541.645064]: Tried to publish before configured, topic id 128
[ERROR] [1731749541.664109]: Tried to publish before configured, topic id 125
[ERROR] [1731749541.693338]: Tried to publish before configured, topic id 125
[ERROR] [1731749541.696712]: Tried to publish before configured, topic id 128
[ERROR] [1731749541.716377]: Tried to publish before configured, topic id 125
[ERROR] [1731749541.719975]: Tried to publish before configured, topic id 128
[ERROR] [1731749541.744235]: Tried to publish before configured, topic id 125
[ERROR] [1731749541.748656]: Tried to publish before configured, topic id 128
[ERROR] [1731749541.774857]: Tried to publish before configured, topic id 125
[ERROR] [1731749541.778429]: Tried to publish before configured, topic id 128
[ERROR] [1731749541.803766]: Tried to publish before configured, topic id 125
[ERROR] [1731749541.807163]: Tried to publish before configured, topic id 128
[ERROR] [1731749541.832221]: Tried to publish before configured, topic id 125
[ERROR] [1731749541.836531]: Tried to publish before configured, topic id 128
[ERROR] [1731749541.854643]: Tried to publish before configured, topic id 125
[ERROR] [1731749541.859022]: Tried to publish before configured, topic id 128
[ERROR] [1731749541.883834]: Tried to publish before configured, topic id 125
[ERROR] [1731749541.887012]: Tried to publish before configured, topic id 128
[ERROR] [1731749541.912408]: Tried to publish before configured, topic id 125
[ERROR] [1731749541.942731]: Tried to publish before configured, topic id 125
[ERROR] [1731749541.946024]: Tried to publish before configured, topic id 128
[ERROR] [1731749541.965550]: Tried to publish before configured, topic id 125
[ERROR] [1731749541.968829]: Tried to publish before configured, topic id 128
[ERROR] [1731749541.994949]: Tried to publish before configured, topic id 125
[ERROR] [1731749541.999353]: Tried to publish before configured, topic id 128
[ERROR] [1731749542.025646]: Tried to publish before configured, topic id 125
[ERROR] [1731749542.028937]: Tried to publish before configured, topic id 128
[ERROR] [1731749542.055250]: Tried to publish before configured, topic id 125
[ERROR] [1731749542.058578]: Tried to publish before configured, topic id 128
[ERROR] [1731749542.084829]: Tried to publish before configured, topic id 125
[ERROR] [1731749542.088143]: Tried to publish before configured, topic id 128
[ERROR] [1731749542.115524]: Tried to publish before configured, topic id 125
[ERROR] [1731749542.118903]: Tried to publish before configured, topic id 128
[ERROR] [1731749542.144554]: Tried to publish before configured, topic id 125
[ERROR] [1731749542.148025]: Tried to publish before configured, topic id 128
[ERROR] [1731749542.173276]: Tried to publish before configured, topic id 125
[ERROR] [1731749542.176656]: Tried to publish before configured, topic id 128
[ERROR] [1731749542.202667]: Tried to publish before configured, topic id 125
[ERROR] [1731749542.205903]: Tried to publish before configured, topic id 128
[ERROR] [1731749542.232091]: Tried to publish before configured, topic id 125
[ERROR] [1731749542.235331]: Tried to publish before configured, topic id 128
[INFO] [1731749538.613076]: ROS Serial Python Node
[INFO] [1731749538.615497]: Connecting to /dev/ttyACM0 at 1000000 baud
[INFO] [1731749540.718036]: Requesting topics...
[INFO] [1731749540.720293]: Requesting topics...
[INFO] [1731749540.740149]: Requesting topics...
[INFO] [1731749540.743528]: Requesting topics...
[INFO] [1731749540.770810]: Requesting topics...
[INFO] [1731749540.774060]: Requesting topics...
[INFO] [1731749540.793880]: Requesting topics...
[INFO] [1731749540.797055]: Requesting topics...
[INFO] [1731749540.822380]: Requesting topics...
[INFO] [1731749540.825433]: Requesting topics...
[INFO] [1731749540.852786]: Requesting topics...
[INFO] [1731749540.856880]: Requesting topics...
[INFO] [1731749540.882444]: Requesting topics...
[INFO] [1731749540.885500]: Requesting topics...
[INFO] [1731749540.910815]: Requesting topics...
[INFO] [1731749540.914080]: Requesting topics...
[INFO] [1731749540.941776]: Requesting topics...
[INFO] [1731749540.945136]: Requesting topics...
[INFO] [1731749540.971382]: Requesting topics...
[INFO] [1731749540.974474]: Requesting topics...
[INFO] [1731749541.000741]: Requesting topics...
[INFO] [1731749541.004059]: Requesting topics...
[INFO] [1731749541.029477]: Requesting topics...
[INFO] [1731749541.033782]: Requesting topics...
[INFO] [1731749541.060428]: Requesting topics...
[INFO] [1731749541.063668]: Requesting topics...
[INFO] [1731749541.090242]: Requesting topics...
[INFO] [1731749541.093646]: Requesting topics...
[INFO] [1731749541.120196]: Requesting topics...
[INFO] [1731749541.123455]: Requesting topics...
[INFO] [1731749541.149867]: Requesting topics...
[INFO] [1731749541.153156]: Requesting topics...
[INFO] [1731749541.179461]: Requesting topics...
[INFO] [1731749541.182666]: Requesting topics...
[INFO] [1731749541.209141]: Requesting topics...
[INFO] [1731749541.212383]: Requesting topics...
[INFO] [1731749541.237564]: Requesting topics...
[INFO] [1731749541.241760]: Requesting topics...
[INFO] [1731749541.269320]: Requesting topics...
[INFO] [1731749541.272422]: Requesting topics...
[INFO] [1731749541.297705]: Requesting topics...
[INFO] [1731749541.300999]: Requesting topics...
[INFO] [1731749541.327321]: Requesting topics...
[INFO] [1731749541.330578]: Requesting topics...
[INFO] [1731749541.355768]: Requesting topics...
[INFO] [1731749541.358866]: Requesting topics...
[INFO] [1731749541.384518]: Requesting topics...
[INFO] [1731749541.388798]: Requesting topics...
[INFO] [1731749541.415628]: Requesting topics...
[INFO] [1731749541.418664]: Requesting topics...
[INFO] [1731749541.444150]: Requesting topics...
[INFO] [1731749541.447874]: Requesting topics...
[INFO] [1731749541.466468]: Requesting topics...
[INFO] [1731749541.470085]: Requesting topics...
[INFO] [1731749541.495872]: Requesting topics...
[INFO] [1731749541.499208]: Requesting topics...
[INFO] [1731749541.524905]: Requesting topics...
[INFO] [1731749541.528214]: Requesting topics...
[INFO] [1731749541.553437]: Requesting topics...
[INFO] [1731749541.557906]: Requesting topics...
[INFO] [1731749541.583399]: Requesting topics...
[INFO] [1731749541.586611]: Requesting topics...
[INFO] [1731749541.611618]: Requesting topics...
[INFO] [1731749541.616043]: Requesting topics...
[INFO] [1731749541.642288]: Requesting topics...
[INFO] [1731749541.645811]: Requesting topics...
[INFO] [1731749541.665800]: Requesting topics...
[INFO] [1731749541.694613]: Requesting topics...
[INFO] [1731749541.697344]: Requesting topics...
[INFO] [1731749541.717176]: Requesting topics...
[INFO] [1731749541.720634]: Requesting topics...
[INFO] [1731749541.744722]: Requesting topics...
[INFO] [1731749541.749169]: Requesting topics...
[INFO] [1731749541.775567]: Requesting topics...
[INFO] [1731749541.778952]: Requesting topics...
[INFO] [1731749541.804251]: Requesting topics...
[INFO] [1731749541.807626]: Requesting topics...
[INFO] [1731749541.832697]: Requesting topics...
[INFO] [1731749541.837009]: Requesting topics...
[INFO] [1731749541.855127]: Requesting topics...
[INFO] [1731749541.859497]: Requesting topics...
[INFO] [1731749541.884342]: Requesting topics...
[INFO] [1731749541.887483]: Requesting topics...
[INFO] [1731749541.916661]: Requesting topics...
[INFO] [1731749541.943257]: Requesting topics...
[INFO] [1731749541.946500]: Requesting topics...
[INFO] [1731749541.965967]: Requesting topics...
[INFO] [1731749541.969277]: Requesting topics...
[INFO] [1731749541.995465]: Requesting topics...
[INFO] [1731749541.999816]: Requesting topics...
[INFO] [1731749542.026083]: Requesting topics...
[INFO] [1731749542.029393]: Requesting topics...
[INFO] [1731749542.055762]: Requesting topics...
[INFO] [1731749542.059046]: Requesting topics...
[INFO] [1731749542.085272]: Requesting topics...
[INFO] [1731749542.088626]: Requesting topics...
[INFO] [1731749542.116059]: Requesting topics...
[INFO] [1731749542.119489]: Requesting topics...
[INFO] [1731749542.145073]: Requesting topics...
[INFO] [1731749542.148505]: Requesting topics...
[INFO] [1731749542.173734]: Requesting topics...
[INFO] [1731749542.177138]: Requesting topics...
[INFO] [1731749542.203162]: Requesting topics...
[INFO] [1731749542.206361]: Requesting topics...
[INFO] [1731749542.232550]: Requesting topics...
[INFO] [1731749542.235775]: Requesting topics...
[INFO] [1731749542.261115]: Requesting topics...
[INFO] [1731749542.264282]: Requesting topics...
[INFO] [1731749542.283789]: Requesting topics...
[INFO] [1731749542.287048]: Requesting topics...
[INFO] [1731749542.312435]: Requesting topics...
[INFO] [1731749542.315624]: Requesting topics...
[INFO] [1731749542.341336]: Requesting topics...
[INFO] [1731749542.344674]: Requesting topics...
[INFO] [1731749542.371261]: Requesting topics...
[INFO] [1731749542.374395]: Requesting topics...
[INFO] [1731749542.399681]: Requesting topics...
[INFO] [1731749542.403789]: Requesting topics...
[INFO] [1731749542.431409]: Requesting topics...
[INFO] [1731749542.434530]: Requesting topics...
[INFO] [1731749542.459750]: Requesting topics...
[INFO] [1731749542.463102]: Requesting topics...
[INFO] [1731749542.489671]: Requesting topics...
[INFO] [1731749542.492980]: Requesting topics...
[INFO] [1731749542.518347]: Requesting topics...
[INFO] [1731749542.521657]: Requesting topics...
[INFO] [1731749542.541838]: Requesting topics...
[INFO] [1731749542.544031]: Requesting topics...
[INFO] [1731749542.569357]: Requesting topics...
[INFO] [1731749542.572687]: Requesting topics...
[INFO] [1731749542.599205]: Requesting topics...
[INFO] [1731749542.602674]: Requesting topics...
[INFO] [1731749542.630535]: Requesting topics...
[INFO] [1731749542.633867]: Requesting topics...
[INFO] [1731749542.658907]: Requesting topics...
[INFO] [1731749542.662194]: Requesting topics...
[INFO] [1731749542.681424]: Requesting topics...
[INFO] [1731749542.684778]: Requesting topics...
[INFO] [1731749542.703884]: Requesting topics...
[INFO] [1731749542.707478]: Requesting topics...
[INFO] [1731749542.733193]: Requesting topics...
[INFO] [1731749542.736823]: Requesting topics...
[INFO] [1731749542.762609]: Requesting topics...
[INFO] [1731749542.766126]: Requesting topics...
[INFO] [1731749542.791728]: Requesting topics...
[INFO] [1731749542.795188]: Requesting topics...
[INFO] [1731749542.822036]: Requesting topics...
[INFO] [1731749542.825514]: Requesting topics...
[INFO] [1731749542.852197]: Requesting topics...
[INFO] [1731749542.855822]: Requesting topics...
[INFO] [1731749542.881315]: Requesting topics...
[INFO] [1731749542.884789]: Requesting topics...
[INFO] [1731749542.910365]: Requesting topics...
[INFO] [1731749542.914186]: Requesting topics...
[INFO] [1731749542.932710]: Requesting topics...
[INFO] [1731749542.936179]: Requesting topics...
[INFO] [1731749542.961946]: Requesting topics...
[INFO] [1731749542.965584]: Requesting topics...
[INFO] [1731749542.990904]: Requesting topics...
[INFO] [1731749542.994286]: Requesting topics...
[INFO] [1731749543.020514]: Requesting topics...
[INFO] [1731749543.023927]: Requesting topics...
[INFO] [1731749543.048750]: Requesting topics...
[INFO] [1731749543.053074]: Requesting topics...
[ERROR] [1731749542.260525]: Tried to publish before configured, topic id 125
[ERROR] [1731749542.263822]: Tried to publish before configured, topic id 128
[ERROR] [1731749542.283302]: Tried to publish before configured, topic id 125
[ERROR] [1731749542.286599]: Tried to publish before configured, topic id 128
[ERROR] [1731749542.311984]: Tried to publish before configured, topic id 125
[ERROR] [1731749542.315177]: Tried to publish before configured, topic id 128
[ERROR] [1731749542.340658]: Tried to publish before configured, topic id 125
[ERROR] [1731749542.344191]: Tried to publish before configured, topic id 128
[ERROR] [1731749542.370711]: Tried to publish before configured, topic id 125
[ERROR] [1731749542.373953]: Tried to publish before configured, topic id 128
[ERROR] [1731749542.399250]: Tried to publish before configured, topic id 125
[ERROR] [1731749542.403360]: Tried to publish before configured, topic id 128
[ERROR] [1731749542.430903]: Tried to publish before configured, topic id 125
[ERROR] [1731749542.434120]: Tried to publish before configured, topic id 128
[ERROR] [1731749542.459281]: Tried to publish before configured, topic id 125
[ERROR] [1731749542.462622]: Tried to publish before configured, topic id 128
[ERROR] [1731749542.489176]: Tried to publish before configured, topic id 125
[ERROR] [1731749542.492523]: Tried to publish before configured, topic id 128
[ERROR] [1731749542.517865]: Tried to publish before configured, topic id 125
[ERROR] [1731749542.521198]: Tried to publish before configured, topic id 128
[ERROR] [1731749542.540779]: Tried to publish before configured, topic id 125
[ERROR] [1731749542.543566]: Tried to publish before configured, topic id 128
[ERROR] [1731749542.568876]: Tried to publish before configured, topic id 125
[ERROR] [1731749542.572044]: Tried to publish before configured, topic id 128
[ERROR] [1731749542.598486]: Tried to publish before configured, topic id 125
[ERROR] [1731749542.602127]: Tried to publish before configured, topic id 128
[ERROR] [1731749542.630049]: Tried to publish before configured, topic id 125
[ERROR] [1731749542.633424]: Tried to publish before configured, topic id 128
[ERROR] [1731749542.658454]: Tried to publish before configured, topic id 125
[ERROR] [1731749542.661701]: Tried to publish before configured, topic id 128
[ERROR] [1731749542.680971]: Tried to publish before configured, topic id 125
[ERROR] [1731749542.684330]: Tried to publish before configured, topic id 128
[ERROR] [1731749542.703440]: Tried to publish before configured, topic id 125
[ERROR] [1731749542.706831]: Tried to publish before configured, topic id 128
[ERROR] [1731749542.732475]: Tried to publish before configured, topic id 125
[ERROR] [1731749542.736183]: Tried to publish before configured, topic id 128
[ERROR] [1731749542.761878]: Tried to publish before configured, topic id 125
[ERROR] [1731749542.765515]: Tried to publish before configured, topic id 128
[ERROR] [1731749542.791055]: Tried to publish before configured, topic id 125
[ERROR] [1731749542.794533]: Tried to publish before configured, topic id 128
[ERROR] [1731749542.821341]: Tried to publish before configured, topic id 125
[ERROR] [1731749542.824865]: Tried to publish before configured, topic id 128
[ERROR] [1731749542.851525]: Tried to publish before configured, topic id 125
[ERROR] [1731749542.855166]: Tried to publish before configured, topic id 128
[ERROR] [1731749542.880647]: Tried to publish before configured, topic id 125
[ERROR] [1731749542.884146]: Tried to publish before configured, topic id 128
[ERROR] [1731749542.909735]: Tried to publish before configured, topic id 125
[ERROR] [1731749542.913437]: Tried to publish before configured, topic id 128
[ERROR] [1731749542.932051]: Tried to publish before configured, topic id 125
[ERROR] [1731749542.935520]: Tried to publish before configured, topic id 128
[ERROR] [1731749542.961032]: Tried to publish before configured, topic id 125
[ERROR] [1731749542.964919]: Tried to publish before configured, topic id 128
[ERROR] [1731749542.990057]: Tried to publish before configured, topic id 125
[ERROR] [1731749542.993768]: Tried to publish before configured, topic id 128
[ERROR] [1731749543.019893]: Tried to publish before configured, topic id 125
[ERROR] [1731749543.023389]: Tried to publish before configured, topic id 128
[ERROR] [1731749543.048286]: Tried to publish before configured, topic id 125
[ERROR] [1731749543.052634]: Tried to publish before configured, topic id 128
[ERROR] [1731749543.077723]: Tried to publish before configured, topic id 125
[ERROR] [1731749543.081221]: Tried to publish before configured, topic id 128
[ERROR] [1731749543.099742]: Tried to publish before configured, topic id 125
[ERROR] [1731749543.103172]: Tried to publish before configured, topic id 128
[ERROR] [1731749543.128437]: Tried to publish before configured, topic id 125
[ERROR] [1731749543.131716]: Tried to publish before configured, topic id 128
[ERROR] [1731749543.151388]: Tried to publish before configured, topic id 125
[ERROR] [1731749543.154653]: Tried to publish before configured, topic id 128
[ERROR] [1731749543.180980]: Tried to publish before configured, topic id 125
[ERROR] [1731749543.184730]: Tried to publish before configured, topic id 128
[ERROR] [1731749543.210934]: Tried to publish before configured, topic id 125
[ERROR] [1731749543.214239]: Tried to publish before configured, topic id 128
[ERROR] [1731749543.239423]: Tried to publish before configured, topic id 125
[ERROR] [1731749543.243409]: Tried to publish before configured, topic id 128
[ERROR] [1731749543.269599]: Tried to publish before configured, topic id 125
[ERROR] [1731749543.273286]: Tried to publish before configured, topic id 128
[ERROR] [1731749543.299698]: Tried to publish before configured, topic id 125
[ERROR] [1731749543.303507]: Tried to publish before configured, topic id 128
[ERROR] [1731749543.328445]: Tried to publish before configured, topic id 125
[ERROR] [1731749543.331851]: Tried to publish before configured, topic id 128
[ERROR] [1731749543.351159]: Tried to publish before configured, topic id 125
[ERROR] [1731749543.354455]: Tried to publish before configured, topic id 128
[ERROR] [1731749543.380530]: Tried to publish before configured, topic id 125
[ERROR] [1731749543.383835]: Tried to publish before configured, topic id 128
[ERROR] [1731749543.410120]: Tried to publish before configured, topic id 125
[ERROR] [1731749543.414517]: Tried to publish before configured, topic id 128
[ERROR] [1731749543.441640]: Tried to publish before configured, topic id 125
[ERROR] [1731749543.444914]: Tried to publish before configured, topic id 128
[ERROR] [1731749543.472402]: Tried to publish before configured, topic id 125
[ERROR] [1731749543.475666]: Tried to publish before configured, topic id 128
[ERROR] [1731749543.494580]: Tried to publish before configured, topic id 125
[ERROR] [1731749543.498140]: Tried to publish before configured, topic id 128
[ERROR] [1731749543.523375]: Tried to publish before configured, topic id 125
[ERROR] [1731749543.526700]: Tried to publish before configured, topic id 128
[ERROR] [1731749543.552948]: Tried to publish before configured, topic id 125
[ERROR] [1731749543.556067]: Tried to publish before configured, topic id 128
[ERROR] [1731749543.582157]: Tried to publish before configured, topic id 125
[ERROR] [1731749543.586549]: Tried to publish before configured, topic id 128
[ERROR] [1731749543.604705]: Tried to publish before configured, topic id 125
[ERROR] [1731749543.607986]: Tried to publish before configured, topic id 128
[ERROR] [1731749543.634145]: Tried to publish before configured, topic id 125
[ERROR] [1731749543.638521]: Tried to publish before configured, topic id 128
[ERROR] [1731749543.664780]: Tried to publish before configured, topic id 125
[ERROR] [1731749543.668116]: Tried to publish before configured, topic id 128
[ERROR] [1731749543.694248]: Tried to publish before configured, topic id 125
[ERROR] [1731749543.722880]: Tried to publish before configured, topic id 125
[ERROR] [1731749543.726732]: Tried to publish before configured, topic id 128
[ERROR] [1731749543.753031]: Tried to publish before configured, topic id 125
[ERROR] [1731749543.756419]: Tried to publish before configured, topic id 128
[ERROR] [1731749543.782617]: Tried to publish before configured, topic id 125
[ERROR] [1731749543.785900]: Tried to publish before configured, topic id 128
[ERROR] [1731749543.812070]: Tried to publish before configured, topic id 125
[ERROR] [1731749543.815232]: Tried to publish before configured, topic id 128
[ERROR] [1731749543.833544]: Tried to publish before configured, topic id 125
[ERROR] [1731749543.837175]: Tried to publish before configured, topic id 128
[ERROR] [1731749543.863241]: Tried to publish before configured, topic id 125
[ERROR] [1731749543.867653]: Tried to publish before configured, topic id 128
[ERROR] [1731749543.885960]: Tried to publish before configured, topic id 125
[ERROR] [1731749543.889282]: Tried to publish before configured, topic id 128
[ERROR] [1731749543.916435]: Tried to publish before configured, topic id 125
[ERROR] [1731749543.920805]: Tried to publish before configured, topic id 128
[ERROR] [1731749543.939233]: Tried to publish before configured, topic id 125
[ERROR] [1731749543.942491]: Tried to publish before configured, topic id 128
[ERROR] [1731749543.967581]: Tried to publish before configured, topic id 125
[ERROR] [1731749543.970901]: Tried to publish before configured, topic id 128
[ERROR] [1731749543.996627]: Tried to publish before configured, topic id 125
[ERROR] [1731749543.999695]: Tried to publish before configured, topic id 128
[ERROR] [1731749544.027048]: Tried to publish before configured, topic id 125
[ERROR] [1731749544.030144]: Tried to publish before configured, topic id 128
[ERROR] [1731749544.055252]: Tried to publish before configured, topic id 125
[ERROR] [1731749544.059592]: Tried to publish before configured, topic id 128
[ERROR] [1731749544.084668]: Tried to publish before configured, topic id 125
[ERROR] [1731749544.087966]: Tried to publish before configured, topic id 128
[ERROR] [1731749544.115424]: Tried to publish before configured, topic id 125
[ERROR] [1731749544.145164]: Tried to publish before configured, topic id 125
[ERROR] [1731749544.148746]: Tried to publish before configured, topic id 128
[ERROR] [1731749544.175777]: Tried to publish before configured, topic id 125
[ERROR] [1731749544.179031]: Tried to publish before configured, topic id 128
[ERROR] [1731749544.205567]: Tried to publish before configured, topic id 125
[ERROR] [1731749544.208831]: Tried to publish before configured, topic id 128
[ERROR] [1731749544.236647]: Tried to publish before configured, topic id 125
[ERROR] [1731749544.240084]: Tried to publish before configured, topic id 128
[ERROR] [1731749544.267841]: Tried to publish before configured, topic id 125
[ERROR] [1731749544.271095]: Tried to publish before configured, topic id 128
[ERROR] [1731749544.297555]: Tried to publish before configured, topic id 125
[ERROR] [1731749544.300861]: Tried to publish before configured, topic id 128
[ERROR] [1731749544.328408]: Tried to publish before configured, topic id 125
[ERROR] [1731749544.331971]: Tried to publish before configured, topic id 128
[ERROR] [1731749544.351154]: Tried to publish before configured, topic id 125
[ERROR] [1731749544.354326]: Tried to publish before configured, topic id 128
[ERROR] [1731749544.379607]: Tried to publish before configured, topic id 125
[ERROR] [1731749544.382682]: Tried to publish before configured, topic id 128
[ERROR] [1731749544.408982]: Tried to publish before configured, topic id 125
[ERROR] [1731749544.412373]: Tried to publish before configured, topic id 128
[ERROR] [1731749544.437980]: Tried to publish before configured, topic id 125
[ERROR] [1731749544.442256]: Tried to publish before configured, topic id 128
[ERROR] [1731749544.467722]: Tried to publish before configured, topic id 125
[ERROR] [1731749544.470926]: Tried to publish before configured, topic id 128
[ERROR] [1731749544.496469]: Tried to publish before configured, topic id 125
[ERROR] [1731749544.499690]: Tried to publish before configured, topic id 128
[ERROR] [1731749544.525147]: Tried to publish before configured, topic id 125
[ERROR] [1731749544.529476]: Tried to publish before configured, topic id 128
[ERROR] [1731749544.554823]: Tried to publish before configured, topic id 125
[ERROR] [1731749544.557885]: Tried to publish before configured, topic id 128
[ERROR] [1731749544.585001]: Tried to publish before configured, topic id 125
[ERROR] [1731749544.587657]: Tried to publish before configured, topic id 128
[ERROR] [1731749544.606956]: Tried to publish before configured, topic id 125
[ERROR] [1731749544.610264]: Tried to publish before configured, topic id 128
[ERROR] [1731749544.629828]: Tried to publish before configured, topic id 125
[ERROR] [1731749544.633223]: Tried to publish before configured, topic id 128
[ERROR] [1731749544.659806]: Tried to publish before configured, topic id 125
[ERROR] [1731749544.663411]: Tried to publish before configured, topic id 128
[ERROR] [1731749544.688920]: Tried to publish before configured, topic id 125
[ERROR] [1731749544.692629]: Tried to publish before configured, topic id 128
[ERROR] [1731749544.717292]: Tried to publish before configured, topic id 125
[ERROR] [1731749544.720947]: Tried to publish before configured, topic id 128
[ERROR] [1731749544.746708]: Tried to publish before configured, topic id 125
[ERROR] [1731749544.749999]: Tried to publish before configured, topic id 128
[ERROR] [1731749544.776500]: Tried to publish before configured, topic id 125
[ERROR] [1731749544.780565]: Tried to publish before configured, topic id 128
[ERROR] [1731749544.805834]: Tried to publish before configured, topic id 125
[ERROR] [1731749544.809215]: Tried to publish before configured, topic id 128
[ERROR] [1731749544.835657]: Tried to publish before configured, topic id 125
[ERROR] [1731749544.839506]: Tried to publish before configured, topic id 128
[ERROR] [1731749544.864545]: Tried to publish before configured, topic id 125
[ERROR] [1731749544.868387]: Tried to publish before configured, topic id 128
[ERROR] [1731749544.895478]: Tried to publish before configured, topic id 125
[ERROR] [1731749544.898765]: Tried to publish before configured, topic id 128
[ERROR] [1731749544.925285]: Tried to publish before configured, topic id 125
[ERROR] [1731749544.929510]: Tried to publish before configured, topic id 128
[ERROR] [1731749544.954954]: Tried to publish before configured, topic id 125
[ERROR] [1731749544.959171]: Tried to publish before configured, topic id 128
[ERROR] [1731749544.985646]: Tried to publish before configured, topic id 125
[ERROR] [1731749544.988832]: Tried to publish before configured, topic id 128
[ERROR] [1731749545.014227]: Tried to publish before configured, topic id 125
[ERROR] [1731749545.018564]: Tried to publish before configured, topic id 128
[ERROR] [1731749545.043457]: Tried to publish before configured, topic id 125
[ERROR] [1731749545.047451]: Tried to publish before configured, topic id 128
[ERROR] [1731749545.072819]: Tried to publish before configured, topic id 125
[ERROR] [1731749545.076606]: Tried to publish before configured, topic id 128
[ERROR] [1731749545.100984]: Tried to publish before configured, topic id 125
[ERROR] [1731749545.104647]: Tried to publish before configured, topic id 128
[ERROR] [1731749545.131297]: Tried to publish before configured, topic id 125
[ERROR] [1731749545.134580]: Tried to publish before configured, topic id 128
[ERROR] [1731749545.159974]: Tried to publish before configured, topic id 125
[ERROR] [1731749545.164267]: Tried to publish before configured, topic id 128
[ERROR] [1731749545.191853]: Tried to publish before configured, topic id 125
[ERROR] [1731749545.195105]: Tried to publish before configured, topic id 128
[ERROR] [1731749545.220474]: Tried to publish before configured, topic id 125
[ERROR] [1731749545.223630]: Tried to publish before configured, topic id 128
[ERROR] [1731749545.249472]: Tried to publish before configured, topic id 125
[ERROR] [1731749545.253028]: Tried to publish before configured, topic id 128
[INFO] [1731749543.078313]: Requesting topics...
[INFO] [1731749543.081725]: Requesting topics...
[INFO] [1731749543.100234]: Requesting topics...
[INFO] [1731749543.103638]: Requesting topics...
[INFO] [1731749543.128902]: Requesting topics...
[INFO] [1731749543.132160]: Requesting topics...
[INFO] [1731749543.151900]: Requesting topics...
[INFO] [1731749543.155115]: Requesting topics...
[INFO] [1731749543.181672]: Requesting topics...
[INFO] [1731749543.185386]: Requesting topics...
[INFO] [1731749543.211438]: Requesting topics...
[INFO] [1731749543.214957]: Requesting topics...
[INFO] [1731749543.240494]: Requesting topics...
[INFO] [1731749543.244182]: Requesting topics...
[INFO] [1731749543.270392]: Requesting topics...
[INFO] [1731749543.274153]: Requesting topics...
[INFO] [1731749543.300559]: Requesting topics...
[INFO] [1731749543.304232]: Requesting topics...
[INFO] [1731749543.328965]: Requesting topics...
[INFO] [1731749543.332314]: Requesting topics...
[INFO] [1731749543.351626]: Requesting topics...
[INFO] [1731749543.354903]: Requesting topics...
[INFO] [1731749543.381010]: Requesting topics...
[INFO] [1731749543.384287]: Requesting topics...
[INFO] [1731749543.410590]: Requesting topics...
[INFO] [1731749543.414967]: Requesting topics...
[INFO] [1731749543.442064]: Requesting topics...
[INFO] [1731749543.445361]: Requesting topics...
[INFO] [1731749543.472853]: Requesting topics...
[INFO] [1731749543.476144]: Requesting topics...
[INFO] [1731749543.495291]: Requesting topics...
[INFO] [1731749543.498660]: Requesting topics...
[INFO] [1731749543.523875]: Requesting topics...
[INFO] [1731749543.527160]: Requesting topics...
[INFO] [1731749543.553416]: Requesting topics...
[INFO] [1731749543.556529]: Requesting topics...
[INFO] [1731749543.582636]: Requesting topics...
[INFO] [1731749543.587003]: Requesting topics...
[INFO] [1731749543.605181]: Requesting topics...
[INFO] [1731749543.608451]: Requesting topics...
[INFO] [1731749543.634619]: Requesting topics...
[INFO] [1731749543.639007]: Requesting topics...
[INFO] [1731749543.665274]: Requesting topics...
[INFO] [1731749543.668576]: Requesting topics...
[INFO] [1731749543.695899]: Requesting topics...
[INFO] [1731749543.723773]: Requesting topics...
[INFO] [1731749543.727215]: Requesting topics...
[INFO] [1731749543.753576]: Requesting topics...
[INFO] [1731749543.756876]: Requesting topics...
[INFO] [1731749543.783101]: Requesting topics...
[INFO] [1731749543.786394]: Requesting topics...
[INFO] [1731749543.812541]: Requesting topics...
[INFO] [1731749543.815691]: Requesting topics...
[INFO] [1731749543.834087]: Requesting topics...
[INFO] [1731749543.837670]: Requesting topics...
[INFO] [1731749543.863754]: Requesting topics...
[INFO] [1731749543.868148]: Requesting topics...
[INFO] [1731749543.886440]: Requesting topics...
[INFO] [1731749543.889691]: Requesting topics...
[INFO] [1731749543.917811]: Requesting topics...
[INFO] [1731749543.921356]: Requesting topics...
[INFO] [1731749543.939694]: Requesting topics...
[INFO] [1731749543.942981]: Requesting topics...
[INFO] [1731749543.968039]: Requesting topics...
[INFO] [1731749543.971349]: Requesting topics...
[INFO] [1731749543.997065]: Requesting topics...
[INFO] [1731749544.000098]: Requesting topics...
[INFO] [1731749544.027488]: Requesting topics...
[INFO] [1731749544.030557]: Requesting topics...
[INFO] [1731749544.055730]: Requesting topics...
[INFO] [1731749544.060067]: Requesting topics...
[INFO] [1731749544.085125]: Requesting topics...
[INFO] [1731749544.088406]: Requesting topics...
[INFO] [1731749544.116616]: Requesting topics...
[INFO] [1731749544.145854]: Requesting topics...
[INFO] [1731749544.149248]: Requesting topics...
[INFO] [1731749544.176252]: Requesting topics...
[INFO] [1731749544.179520]: Requesting topics...
[INFO] [1731749544.205980]: Requesting topics...
[INFO] [1731749544.209271]: Requesting topics...
[INFO] [1731749544.237185]: Requesting topics...
[INFO] [1731749544.240538]: Requesting topics...
[INFO] [1731749544.268312]: Requesting topics...
[INFO] [1731749544.271615]: Requesting topics...
[INFO] [1731749544.298128]: Requesting topics...
[INFO] [1731749544.301380]: Requesting topics...
[INFO] [1731749544.329293]: Requesting topics...
[INFO] [1731749544.333033]: Requesting topics...
[INFO] [1731749544.351710]: Requesting topics...
[INFO] [1731749544.354767]: Requesting topics...
[INFO] [1731749544.380066]: Requesting topics...
[INFO] [1731749544.383110]: Requesting topics...
[INFO] [1731749544.409426]: Requesting topics...
[INFO] [1731749544.413057]: Requesting topics...
[INFO] [1731749544.438505]: Requesting topics...
[INFO] [1731749544.442787]: Requesting topics...
[INFO] [1731749544.468258]: Requesting topics...
[INFO] [1731749544.471486]: Requesting topics...
[INFO] [1731749544.497014]: Requesting topics...
[INFO] [1731749544.500205]: Requesting topics...
[INFO] [1731749544.525701]: Requesting topics...
[INFO] [1731749544.530202]: Requesting topics...
[INFO] [1731749544.556018]: Requesting topics...
[INFO] [1731749544.558507]: Requesting topics...
[INFO] [1731749544.585954]: Requesting topics...
[INFO] [1731749544.588315]: Requesting topics...
[INFO] [1731749544.607503]: Requesting topics...
[INFO] [1731749544.610873]: Requesting topics...
[INFO] [1731749544.630496]: Requesting topics...
[INFO] [1731749544.633719]: Requesting topics...
[INFO] [1731749544.660478]: Requesting topics...
[INFO] [1731749544.664115]: Requesting topics...
[INFO] [1731749544.689642]: Requesting topics...
[INFO] [1731749544.693275]: Requesting topics...
[INFO] [1731749544.717878]: Requesting topics...
[INFO] [1731749544.721585]: Requesting topics...
[INFO] [1731749544.747243]: Requesting topics...
[INFO] [1731749544.750467]: Requesting topics...
[INFO] [1731749544.777384]: Requesting topics...
[INFO] [1731749544.781917]: Requesting topics...
[INFO] [1731749544.807153]: Requesting topics...
[INFO] [1731749544.810053]: Requesting topics...
[INFO] [1731749544.836596]: Requesting topics...
[INFO] [1731749544.840257]: Requesting topics...
[INFO] [1731749544.865368]: Requesting topics...
[INFO] [1731749544.869133]: Requesting topics...
[INFO] [1731749544.896013]: Requesting topics...
[INFO] [1731749544.899306]: Requesting topics...
[INFO] [1731749544.925808]: Requesting topics...
[INFO] [1731749544.930055]: Requesting topics...
[INFO] [1731749544.955458]: Requesting topics...
[INFO] [1731749544.959687]: Requesting topics...
[INFO] [1731749544.986176]: Requesting topics...
[INFO] [1731749544.989324]: Requesting topics...
[INFO] [1731749545.014792]: Requesting topics...
[INFO] [1731749545.019069]: Requesting topics...
[INFO] [1731749545.045096]: Requesting topics...
[INFO] [1731749545.048105]: Requesting topics...
[INFO] [1731749545.073534]: Requesting topics...
[INFO] [1731749545.077225]: Requesting topics...
[INFO] [1731749545.101664]: Requesting topics...
[INFO] [1731749545.105317]: Requesting topics...
[INFO] [1731749545.131837]: Requesting topics...
[INFO] [1731749545.135111]: Requesting topics...
[INFO] [1731749545.160507]: Requesting topics...
[INFO] [1731749545.164827]: Requesting topics...
[INFO] [1731749545.192368]: Requesting topics...
[INFO] [1731749545.195612]: Requesting topics...
[INFO] [1731749545.220976]: Requesting topics...
[INFO] [1731749545.224293]: Requesting topics...
[INFO] [1731749545.250945]: Requesting topics...
[INFO] [1731749545.253747]: Requesting topics...
[INFO] [1731749545.280638]: Requesting topics...
[INFO] [1731749545.283154]: Requesting topics...
[INFO] [1731749545.308685]: Requesting topics...
[INFO] [1731749545.312363]: Requesting topics...
[INFO] [1731749545.338710]: Requesting topics...
[INFO] [1731749545.342340]: Requesting topics...
[INFO] [1731749545.369316]: Requesting topics...
[INFO] [1731749545.373003]: Requesting topics...
[INFO] [1731749545.398566]: Requesting topics...
[INFO] [1731749545.402305]: Requesting topics...
[INFO] [1731749545.426785]: Requesting topics...
[INFO] [1731749545.430330]: Requesting topics...
[INFO] [1731749545.457200]: Requesting topics...
[INFO] [1731749545.459819]: Requesting topics...
[INFO] [1731749545.486496]: Requesting topics...
[ERROR] [1731749545.279941]: Tried to publish before configured, topic id 125
[ERROR] [1731749545.282504]: Tried to publish before configured, topic id 128
[ERROR] [1731749545.308022]: Tried to publish before configured, topic id 125
[ERROR] [1731749545.311714]: Tried to publish before configured, topic id 128
[ERROR] [1731749545.338173]: Tried to publish before configured, topic id 125
[ERROR] [1731749545.341818]: Tried to publish before configured, topic id 128
[ERROR] [1731749545.368574]: Tried to publish before configured, topic id 125
[ERROR] [1731749545.372360]: Tried to publish before configured, topic id 128
[ERROR] [1731749545.397905]: Tried to publish before configured, topic id 125
[ERROR] [1731749545.401591]: Tried to publish before configured, topic id 128
[ERROR] [1731749545.426105]: Tried to publish before configured, topic id 125
[ERROR] [1731749545.429727]: Tried to publish before configured, topic id 128
[ERROR] [1731749545.455830]: Tried to publish before configured, topic id 125
[ERROR] [1731749545.459137]: Tried to publish before configured, topic id 128
[ERROR] [1731749545.485878]: Tried to publish before configured, topic id 125
[ERROR] [1731749545.489350]: Tried to publish before configured, topic id 128
[ERROR] [1731749545.515078]: Tried to publish before configured, topic id 125
[ERROR] [1731749545.517607]: Tried to publish before configured, topic id 128
[ERROR] [1731749545.543125]: Tried to publish before configured, topic id 125
[ERROR] [1731749545.546789]: Tried to publish before configured, topic id 128
[ERROR] [1731749545.573503]: Tried to publish before configured, topic id 125
[ERROR] [1731749545.577064]: Tried to publish before configured, topic id 128
[ERROR] [1731749545.596519]: Tried to publish before configured, topic id 125
[ERROR] [1731749545.599243]: Tried to publish before configured, topic id 128
[ERROR] [1731749545.624659]: Tried to publish before configured, topic id 125
[ERROR] [1731749545.628102]: Tried to publish before configured, topic id 128
[ERROR] [1731749545.656178]: Tried to publish before configured, topic id 125
[ERROR] [1731749545.684355]: Tried to publish before configured, topic id 125
[ERROR] [1731749545.687688]: Tried to publish before configured, topic id 128
[ERROR] [1731749545.713112]: Tried to publish before configured, topic id 125
[ERROR] [1731749545.717306]: Tried to publish before configured, topic id 128
[ERROR] [1731749545.743781]: Tried to publish before configured, topic id 125
[ERROR] [1731749545.746946]: Tried to publish before configured, topic id 128
[ERROR] [1731749545.772315]: Tried to publish before configured, topic id 125
[ERROR] [1731749545.775688]: Tried to publish before configured, topic id 128
[ERROR] [1731749545.802109]: Tried to publish before configured, topic id 125
[ERROR] [1731749545.805782]: Tried to publish before configured, topic id 128
[ERROR] [1731749545.831502]: Tried to publish before configured, topic id 125
[ERROR] [1731749545.835260]: Tried to publish before configured, topic id 128
[ERROR] [1731749545.862408]: Tried to publish before configured, topic id 125
[ERROR] [1731749545.891401]: Tried to publish before configured, topic id 125
[ERROR] [1731749545.894892]: Tried to publish before configured, topic id 128
[ERROR] [1731749545.921215]: Tried to publish before configured, topic id 125
[ERROR] [1731749545.924575]: Tried to publish before configured, topic id 128
[ERROR] [1731749545.943939]: Tried to publish before configured, topic id 125
[ERROR] [1731749545.947129]: Tried to publish before configured, topic id 128
[ERROR] [1731749545.972004]: Tried to publish before configured, topic id 125
[ERROR] [1731749545.976353]: Tried to publish before configured, topic id 128
[ERROR] [1731749546.001542]: Tried to publish before configured, topic id 125
[ERROR] [1731749546.004869]: Tried to publish before configured, topic id 128
[ERROR] [1731749546.031116]: Tried to publish before configured, topic id 125
[ERROR] [1731749546.034271]: Tried to publish before configured, topic id 128
[ERROR] [1731749546.060246]: Tried to publish before configured, topic id 125
[ERROR] [1731749546.064543]: Tried to publish before configured, topic id 128
[ERROR] [1731749546.089721]: Tried to publish before configured, topic id 125
[ERROR] [1731749546.092835]: Tried to publish before configured, topic id 128
[ERROR] [1731749546.118913]: Tried to publish before configured, topic id 125
[ERROR] [1731749546.121664]: Tried to publish before configured, topic id 128
[ERROR] [1731749546.147585]: Tried to publish before configured, topic id 125
[ERROR] [1731749546.151119]: Tried to publish before configured, topic id 128
[ERROR] [1731749546.170585]: Tried to publish before configured, topic id 125
[ERROR] [1731749546.174074]: Tried to publish before configured, topic id 128
[ERROR] [1731749546.199269]: Tried to publish before configured, topic id 125
[ERROR] [1731749546.203579]: Tried to publish before configured, topic id 128
[ERROR] [1731749546.228817]: Tried to publish before configured, topic id 125
[ERROR] [1731749546.232087]: Tried to publish before configured, topic id 128
[ERROR] [1731749546.258429]: Tried to publish before configured, topic id 125
[ERROR] [1731749546.261812]: Tried to publish before configured, topic id 128
[ERROR] [1731749546.288416]: Tried to publish before configured, topic id 125
[ERROR] [1731749546.292540]: Tried to publish before configured, topic id 128
[ERROR] [1731749546.318962]: Tried to publish before configured, topic id 125
[ERROR] [1731749546.321814]: Tried to publish before configured, topic id 128
[ERROR] [1731749546.350200]: Tried to publish before configured, topic id 125
[ERROR] [1731749546.379178]: Tried to publish before configured, topic id 125
[ERROR] [1731749546.382796]: Tried to publish before configured, topic id 128
[ERROR] [1731749546.410208]: Tried to publish before configured, topic id 125
[ERROR] [1731749546.413608]: Tried to publish before configured, topic id 128
[ERROR] [1731749546.432378]: Tried to publish before configured, topic id 125
[ERROR] [1731749546.435964]: Tried to publish before configured, topic id 128
[ERROR] [1731749546.460180]: Tried to publish before configured, topic id 125
[ERROR] [1731749546.463696]: Tried to publish before configured, topic id 128
[ERROR] [1731749546.490068]: Tried to publish before configured, topic id 125
[ERROR] [1731749546.493406]: Tried to publish before configured, topic id 128
[ERROR] [1731749546.518484]: Tried to publish before configured, topic id 125
[ERROR] [1731749546.521710]: Tried to publish before configured, topic id 128
[ERROR] [1731749546.547640]: Tried to publish before configured, topic id 125
[ERROR] [1731749546.551219]: Tried to publish before configured, topic id 128
[ERROR] [1731749546.577141]: Tried to publish before configured, topic id 125
[ERROR] [1731749546.580808]: Tried to publish before configured, topic id 128
[ERROR] [1731749546.606724]: Tried to publish before configured, topic id 125
[ERROR] [1731749546.635930]: Tried to publish before configured, topic id 125
[ERROR] [1731749546.639270]: Tried to publish before configured, topic id 128
[ERROR] [1731749546.665524]: Tried to publish before configured, topic id 125
[ERROR] [1731749546.668746]: Tried to publish before configured, topic id 128
[ERROR] [1731749546.694999]: Tried to publish before configured, topic id 125
[ERROR] [1731749546.699444]: Tried to publish before configured, topic id 128
[ERROR] [1731749546.726912]: Tried to publish before configured, topic id 125
[ERROR] [1731749546.730110]: Tried to publish before configured, topic id 128
[ERROR] [1731749546.755376]: Tried to publish before configured, topic id 125
[ERROR] [1731749546.759610]: Tried to publish before configured, topic id 128
[ERROR] [1731749546.785999]: Tried to publish before configured, topic id 125
[ERROR] [1731749546.789281]: Tried to publish before configured, topic id 128
[ERROR] [1731749546.810065]: Tried to publish before configured, topic id 125
[ERROR] [1731749546.837694]: Tried to publish before configured, topic id 125
[ERROR] [1731749546.859703]: Tried to publish before configured, topic id 125
[INFO] [1731749545.489949]: Requesting topics...
[INFO] [1731749545.515732]: Requesting topics...
[INFO] [1731749545.518111]: Requesting topics...
[INFO] [1731749545.543716]: Requesting topics...
[INFO] [1731749545.547429]: Requesting topics...
[INFO] [1731749545.574087]: Requesting topics...
[INFO] [1731749545.577770]: Requesting topics...
[INFO] [1731749545.597193]: Requesting topics...
[INFO] [1731749545.599812]: Requesting topics...
[INFO] [1731749545.625223]: Requesting topics...
[INFO] [1731749545.628545]: Requesting topics...
[INFO] [1731749545.659211]: Requesting topics...
[INFO] [1731749545.684929]: Requesting topics...
[INFO] [1731749545.688193]: Requesting topics...
[INFO] [1731749545.713631]: Requesting topics...
[INFO] [1731749545.717837]: Requesting topics...
[INFO] [1731749545.744292]: Requesting topics...
[INFO] [1731749545.747427]: Requesting topics...
[INFO] [1731749545.772900]: Requesting topics...
[INFO] [1731749545.776181]: Requesting topics...
[INFO] [1731749545.802696]: Requesting topics...
[INFO] [1731749545.806377]: Requesting topics...
[INFO] [1731749545.832146]: Requesting topics...
[INFO] [1731749545.835912]: Requesting topics...
[INFO] [1731749545.863868]: Requesting topics...
[INFO] [1731749545.892019]: Requesting topics...
[INFO] [1731749545.895370]: Requesting topics...
[INFO] [1731749545.921724]: Requesting topics...
[INFO] [1731749545.925031]: Requesting topics...
[INFO] [1731749545.944415]: Requesting topics...
[INFO] [1731749545.947592]: Requesting topics...
[INFO] [1731749545.972464]: Requesting topics...
[INFO] [1731749545.976825]: Requesting topics...
[INFO] [1731749546.002001]: Requesting topics...
[INFO] [1731749546.005318]: Requesting topics...
[INFO] [1731749546.031585]: Requesting topics...
[INFO] [1731749546.034732]: Requesting topics...
[INFO] [1731749546.060729]: Requesting topics...
[INFO] [1731749546.064995]: Requesting topics...
[INFO] [1731749546.090883]: Requesting topics...
[INFO] [1731749546.093433]: Requesting topics...
[INFO] [1731749546.119873]: Requesting topics...
[INFO] [1731749546.122247]: Requesting topics...
[INFO] [1731749546.148322]: Requesting topics...
[INFO] [1731749546.151823]: Requesting topics...
[INFO] [1731749546.171169]: Requesting topics...
[INFO] [1731749546.174541]: Requesting topics...
[INFO] [1731749546.199737]: Requesting topics...
[INFO] [1731749546.204025]: Requesting topics...
[INFO] [1731749546.229281]: Requesting topics...
[INFO] [1731749546.232524]: Requesting topics...
[INFO] [1731749546.258928]: Requesting topics...
[INFO] [1731749546.262310]: Requesting topics...
[INFO] [1731749546.288853]: Requesting topics...
[INFO] [1731749546.292970]: Requesting topics...
[INFO] [1731749546.319822]: Requesting topics...
[INFO] [1731749546.322908]: Requesting topics...
[INFO] [1731749546.351933]: Requesting topics...
[INFO] [1731749546.379936]: Requesting topics...
[INFO] [1731749546.383516]: Requesting topics...
[INFO] [1731749546.410829]: Requesting topics...
[INFO] [1731749546.414320]: Requesting topics...
[INFO] [1731749546.433029]: Requesting topics...
[INFO] [1731749546.436606]: Requesting topics...
[INFO] [1731749546.460835]: Requesting topics...
[INFO] [1731749546.464186]: Requesting topics...
[INFO] [1731749546.490545]: Requesting topics...
[INFO] [1731749546.493800]: Requesting topics...
[INFO] [1731749546.518970]: Requesting topics...
[INFO] [1731749546.522233]: Requesting topics...
[INFO] [1731749546.548117]: Requesting topics...
[INFO] [1731749546.551878]: Requesting topics...
[INFO] [1731749546.577918]: Requesting topics...
[INFO] [1731749546.581369]: Requesting topics...
[INFO] [1731749546.608435]: Requesting topics...
[INFO] [1731749546.636450]: Requesting topics...
[INFO] [1731749546.639796]: Requesting topics...
[INFO] [1731749546.665937]: Requesting topics...
[INFO] [1731749546.669242]: Requesting topics...
[INFO] [1731749546.695493]: Requesting topics...
[INFO] [1731749546.699913]: Requesting topics...
[INFO] [1731749546.727371]: Requesting topics...
[INFO] [1731749546.730567]: Requesting topics...
[INFO] [1731749546.755827]: Requesting topics...
[INFO] [1731749546.760072]: Requesting topics...
[INFO] [1731749546.786476]: Requesting topics...
[INFO] [1731749546.789693]: Requesting topics...
[INFO] [1731749546.816111]: Requesting topics...
[INFO] [1731749546.839325]: Requesting topics...
[INFO] [1731749546.860190]: Requesting topics...
[INFO] [1731749546.864825]: Requesting topics...
[INFO] [1731749546.888870]: Requesting topics...
[INFO] [1731749546.892136]: Requesting topics...
[INFO] [1731749546.918386]: Requesting topics...
[INFO] [1731749546.921650]: Requesting topics...
[INFO] [1731749546.946926]: Requesting topics...
[INFO] [1731749546.950307]: Requesting topics...
[INFO] [1731749546.977728]: Requesting topics...
[INFO] [1731749546.982125]: Requesting topics...
[INFO] [1731749547.006826]: Requesting topics...
[INFO] [1731749547.011105]: Requesting topics...
[INFO] [1731749547.042742]: Requesting topics...
[INFO] [1731749547.065130]: Requesting topics...
[INFO] [1731749547.068418]: Requesting topics...
[INFO] [1731749547.093623]: Requesting topics...
[INFO] [1731749547.098004]: Requesting topics...
[INFO] [1731749547.124206]: Requesting topics...
[INFO] [1731749547.127498]: Requesting topics...
[INFO] [1731749547.152689]: Requesting topics...
[INFO] [1731749547.157035]: Requesting topics...
[INFO] [1731749547.183581]: Requesting topics...
[INFO] [1731749547.186825]: Requesting topics...
[INFO] [1731749547.211774]: Requesting topics...
[INFO] [1731749547.215091]: Requesting topics...
[INFO] [1731749547.241383]: Requesting topics...
[INFO] [1731749547.244874]: Requesting topics...
[INFO] [1731749547.263949]: Requesting topics...
[INFO] [1731749547.267506]: Requesting topics...
[INFO] [1731749547.292642]: Requesting topics...
[INFO] [1731749547.295841]: Requesting topics...
[INFO] [1731749547.315017]: Requesting topics...
[INFO] [1731749547.318227]: Requesting topics...
[INFO] [1731749547.343287]: Requesting topics...
[INFO] [1731749547.346605]: Requesting topics...
[INFO] [1731749547.372789]: Requesting topics...
[INFO] [1731749547.377157]: Requesting topics...
[INFO] [1731749547.403268]: Requesting topics...
[INFO] [1731749547.406498]: Requesting topics...
[INFO] [1731749547.432548]: Requesting topics...
[INFO] [1731749547.435695]: Requesting topics...
[INFO] [1731749547.460614]: Requesting topics...
[INFO] [1731749547.464864]: Requesting topics...
[INFO] [1731749547.491786]: Requesting topics...
[INFO] [1731749547.495055]: Requesting topics...
[INFO] [1731749547.520434]: Requesting topics...
[INFO] [1731749547.524763]: Requesting topics...
[INFO] [1731749547.544106]: Requesting topics...
[INFO] [1731749547.547373]: Requesting topics...
[INFO] [1731749547.575722]: Requesting topics...
[INFO] [1731749547.594993]: Requesting topics...
[INFO] [1731749547.599276]: Requesting topics...
[INFO] [1731749547.624409]: Requesting topics...
[INFO] [1731749547.627681]: Requesting topics...
[INFO] [1731749547.654000]: Requesting topics...
[INFO] [1731749547.657363]: Requesting topics...
[INFO] [1731749547.678079]: Requesting topics...
[INFO] [1731749547.700062]: Requesting topics...
[INFO] [1731749547.702453]: Requesting topics...
[INFO] [1731749547.730370]: Requesting topics...
[INFO] [1731749547.733918]: Requesting topics...
[INFO] [1731749547.759624]: Requesting topics...
[INFO] [1731749547.763279]: Requesting topics...
[INFO] [1731749547.789681]: Requesting topics...
[INFO] [1731749547.793052]: Requesting topics...
[INFO] [1731749547.819425]: Requesting topics...
[INFO] [1731749547.822677]: Requesting topics...
[INFO] [1731749547.847915]: Requesting topics...
[INFO] [1731749547.851140]: Requesting topics...
[INFO] [1731749547.876524]: Requesting topics...
[INFO] [1731749547.880916]: Requesting topics...
[INFO] [1731749547.906185]: Requesting topics...
[INFO] [1731749547.909563]: Requesting topics...
[INFO] [1731749547.938055]: Requesting topics...
[INFO] [1731749547.967206]: Requesting topics...
[INFO] [1731749547.969947]: Requesting topics...
[INFO] [1731749547.995570]: Requesting topics...
[INFO] [1731749547.999139]: Requesting topics...
[ERROR] [1731749546.864115]: Tried to publish before configured, topic id 128
[ERROR] [1731749546.888397]: Tried to publish before configured, topic id 125
[ERROR] [1731749546.891669]: Tried to publish before configured, topic id 128
[ERROR] [1731749546.917908]: Tried to publish before configured, topic id 125
[ERROR] [1731749546.921193]: Tried to publish before configured, topic id 128
[ERROR] [1731749546.946296]: Tried to publish before configured, topic id 125
[ERROR] [1731749546.949792]: Tried to publish before configured, topic id 128
[ERROR] [1731749546.977221]: Tried to publish before configured, topic id 125
[ERROR] [1731749546.981686]: Tried to publish before configured, topic id 128
[ERROR] [1731749547.006350]: Tried to publish before configured, topic id 125
[ERROR] [1731749547.010622]: Tried to publish before configured, topic id 128
[ERROR] [1731749547.038200]: Tried to publish before configured, topic id 125
[ERROR] [1731749547.064526]: Tried to publish before configured, topic id 125
[ERROR] [1731749547.067942]: Tried to publish before configured, topic id 128
[ERROR] [1731749547.093152]: Tried to publish before configured, topic id 125
[ERROR] [1731749547.097585]: Tried to publish before configured, topic id 128
[ERROR] [1731749547.123712]: Tried to publish before configured, topic id 125
[ERROR] [1731749547.127020]: Tried to publish before configured, topic id 128
[ERROR] [1731749547.152228]: Tried to publish before configured, topic id 125
[ERROR] [1731749547.156570]: Tried to publish before configured, topic id 128
[ERROR] [1731749547.183110]: Tried to publish before configured, topic id 125
[ERROR] [1731749547.186362]: Tried to publish before configured, topic id 128
[ERROR] [1731749547.211338]: Tried to publish before configured, topic id 125
[ERROR] [1731749547.214594]: Tried to publish before configured, topic id 128
[ERROR] [1731749547.240920]: Tried to publish before configured, topic id 125
[ERROR] [1731749547.244364]: Tried to publish before configured, topic id 128
[ERROR] [1731749547.263363]: Tried to publish before configured, topic id 125
[ERROR] [1731749547.266912]: Tried to publish before configured, topic id 128
[ERROR] [1731749547.292137]: Tried to publish before configured, topic id 125
[ERROR] [1731749547.295362]: Tried to publish before configured, topic id 128
[ERROR] [1731749547.314536]: Tried to publish before configured, topic id 125
[ERROR] [1731749547.317747]: Tried to publish before configured, topic id 128
[ERROR] [1731749547.342808]: Tried to publish before configured, topic id 125
[ERROR] [1731749547.346138]: Tried to publish before configured, topic id 128
[ERROR] [1731749547.372305]: Tried to publish before configured, topic id 125
[ERROR] [1731749547.376698]: Tried to publish before configured, topic id 128
[ERROR] [1731749547.402761]: Tried to publish before configured, topic id 125
[ERROR] [1731749547.406022]: Tried to publish before configured, topic id 128
[ERROR] [1731749547.432083]: Tried to publish before configured, topic id 125
[ERROR] [1731749547.435248]: Tried to publish before configured, topic id 128
[ERROR] [1731749547.460154]: Tried to publish before configured, topic id 125
[ERROR] [1731749547.464394]: Tried to publish before configured, topic id 128
[ERROR] [1731749547.491239]: Tried to publish before configured, topic id 125
[ERROR] [1731749547.494573]: Tried to publish before configured, topic id 128
[ERROR] [1731749547.520014]: Tried to publish before configured, topic id 125
[ERROR] [1731749547.524311]: Tried to publish before configured, topic id 128
[ERROR] [1731749547.543641]: Tried to publish before configured, topic id 125
[ERROR] [1731749547.546924]: Tried to publish before configured, topic id 128
[ERROR] [1731749547.572869]: Tried to publish before configured, topic id 125
[ERROR] [1731749547.594520]: Tried to publish before configured, topic id 125
[ERROR] [1731749547.598812]: Tried to publish before configured, topic id 128
[ERROR] [1731749547.623933]: Tried to publish before configured, topic id 125
[ERROR] [1731749547.627226]: Tried to publish before configured, topic id 128
[ERROR] [1731749547.653565]: Tried to publish before configured, topic id 125
[ERROR] [1731749547.656893]: Tried to publish before configured, topic id 128
[ERROR] [1731749547.676588]: Tried to publish before configured, topic id 125
[ERROR] [1731749547.698833]: Tried to publish before configured, topic id 125
[ERROR] [1731749547.701888]: Tried to publish before configured, topic id 128
[ERROR] [1731749547.729424]: Tried to publish before configured, topic id 125
[ERROR] [1731749547.733279]: Tried to publish before configured, topic id 128
[ERROR] [1731749547.758892]: Tried to publish before configured, topic id 125
[ERROR] [1731749547.762583]: Tried to publish before configured, topic id 128
[ERROR] [1731749547.789134]: Tried to publish before configured, topic id 125
[ERROR] [1731749547.792594]: Tried to publish before configured, topic id 128
[ERROR] [1731749547.818964]: Tried to publish before configured, topic id 125
[ERROR] [1731749547.822206]: Tried to publish before configured, topic id 128
[ERROR] [1731749547.847453]: Tried to publish before configured, topic id 125
[ERROR] [1731749547.850687]: Tried to publish before configured, topic id 128
[ERROR] [1731749547.876058]: Tried to publish before configured, topic id 125
[ERROR] [1731749547.880470]: Tried to publish before configured, topic id 128
[ERROR] [1731749547.905689]: Tried to publish before configured, topic id 125
[ERROR] [1731749547.909076]: Tried to publish before configured, topic id 128
[ERROR] [1731749547.936322]: Tried to publish before configured, topic id 125
[ERROR] [1731749547.965971]: Tried to publish before configured, topic id 125
[ERROR] [1731749547.969157]: Tried to publish before configured, topic id 128
[ERROR] [1731749547.994640]: Tried to publish before configured, topic id 125
[ERROR] [1731749547.998446]: Tried to publish before configured, topic id 128
[ERROR] [1731749548.017005]: Tried to publish before configured, topic id 125
[ERROR] [1731749548.020660]: Tried to publish before configured, topic id 128
[ERROR] [1731749548.047264]: Tried to publish before configured, topic id 125
[ERROR] [1731749548.051715]: Tried to publish before configured, topic id 128
[ERROR] [1731749548.078105]: Tried to publish before configured, topic id 125
[ERROR] [1731749548.081470]: Tried to publish before configured, topic id 128
[ERROR] [1731749548.107680]: Tried to publish before configured, topic id 125
[ERROR] [1731749548.111063]: Tried to publish before configured, topic id 128
[ERROR] [1731749548.137189]: Tried to publish before configured, topic id 125
[ERROR] [1731749548.141615]: Tried to publish before configured, topic id 128
[ERROR] [1731749548.167119]: Tried to publish before configured, topic id 125
[ERROR] [1731749548.171500]: Tried to publish before configured, topic id 128
[ERROR] [1731749548.196498]: Tried to publish before configured, topic id 125
[ERROR] [1731749548.226396]: Tried to publish before configured, topic id 125
[ERROR] [1731749548.229813]: Tried to publish before configured, topic id 128
[ERROR] [1731749548.255252]: Tried to publish before configured, topic id 125
[ERROR] [1731749548.259493]: Tried to publish before configured, topic id 128
[ERROR] [1731749548.284876]: Tried to publish before configured, topic id 125
[ERROR] [1731749548.288095]: Tried to publish before configured, topic id 128
[ERROR] [1731749548.314589]: Tried to publish before configured, topic id 125
[ERROR] [1731749548.317768]: Tried to publish before configured, topic id 128
[ERROR] [1731749548.345329]: Tried to publish before configured, topic id 125
[ERROR] [1731749548.349546]: Tried to publish before configured, topic id 128
[ERROR] [1731749548.375044]: Tried to publish before configured, topic id 125
[ERROR] [1731749548.377615]: Tried to publish before configured, topic id 128
[ERROR] [1731749548.403455]: Tried to publish before configured, topic id 125
[ERROR] [1731749548.407292]: Tried to publish before configured, topic id 128
[ERROR] [1731749548.432777]: Tried to publish before configured, topic id 125
[ERROR] [1731749548.436058]: Tried to publish before configured, topic id 128
[ERROR] [1731749548.455367]: Tried to publish before configured, topic id 125
[ERROR] [1731749548.458604]: Tried to publish before configured, topic id 128
[ERROR] [1731749548.483696]: Tried to publish before configured, topic id 125
[ERROR] [1731749548.486839]: Tried to publish before configured, topic id 128
[ERROR] [1731749548.513091]: Tried to publish before configured, topic id 125
[ERROR] [1731749548.516392]: Tried to publish before configured, topic id 128
[ERROR] [1731749548.534588]: Tried to publish before configured, topic id 125
[ERROR] [1731749548.539029]: Tried to publish before configured, topic id 128
[ERROR] [1731749548.564007]: Tried to publish before configured, topic id 125
[ERROR] [1731749548.567374]: Tried to publish before configured, topic id 128
[ERROR] [1731749548.592463]: Tried to publish before configured, topic id 125
[ERROR] [1731749548.595738]: Tried to publish before configured, topic id 128
[ERROR] [1731749548.622035]: Tried to publish before configured, topic id 125
[ERROR] [1731749548.625698]: Tried to publish before configured, topic id 128
[ERROR] [1731749548.650762]: Tried to publish before configured, topic id 125
[ERROR] [1731749548.654128]: Tried to publish before configured, topic id 128
[ERROR] [1731749548.680654]: Tried to publish before configured, topic id 125
[ERROR] [1731749548.683905]: Tried to publish before configured, topic id 128
[ERROR] [1731749548.703273]: Tried to publish before configured, topic id 125
[ERROR] [1731749548.706530]: Tried to publish before configured, topic id 128
[ERROR] [1731749548.731780]: Tried to publish before configured, topic id 125
[ERROR] [1731749548.735093]: Tried to publish before configured, topic id 128
[ERROR] [1731749548.760445]: Tried to publish before configured, topic id 125
[ERROR] [1731749548.763756]: Tried to publish before configured, topic id 128
[ERROR] [1731749548.790062]: Tried to publish before configured, topic id 125
[ERROR] [1731749548.793277]: Tried to publish before configured, topic id 128
[ERROR] [1731749548.819320]: Tried to publish before configured, topic id 125
[ERROR] [1731749548.822777]: Tried to publish before configured, topic id 128
[ERROR] [1731749548.849310]: Tried to publish before configured, topic id 125
[ERROR] [1731749548.853631]: Tried to publish before configured, topic id 128
[ERROR] [1731749548.879403]: Tried to publish before configured, topic id 125
[ERROR] [1731749548.882596]: Tried to publish before configured, topic id 128
[ERROR] [1731749548.909510]: Tried to publish before configured, topic id 125
[ERROR] [1731749548.912683]: Tried to publish before configured, topic id 128
[ERROR] [1731749548.938797]: Tried to publish before configured, topic id 125
[ERROR] [1731749548.942211]: Tried to publish before configured, topic id 128
[ERROR] [1731749548.967377]: Tried to publish before configured, topic id 125
[ERROR] [1731749548.970901]: Tried to publish before configured, topic id 128
[ERROR] [1731749548.998339]: Tried to publish before configured, topic id 125
[ERROR] [1731749549.001822]: Tried to publish before configured, topic id 128
[ERROR] [1731749549.029427]: Tried to publish before configured, topic id 125
[ERROR] [1731749549.032910]: Tried to publish before configured, topic id 128
[ERROR] [1731749549.060367]: Tried to publish before configured, topic id 125
[ERROR] [1731749549.063599]: Tried to publish before configured, topic id 128
[ERROR] [1731749549.089911]: Tried to publish before configured, topic id 125
[ERROR] [1731749549.093412]: Tried to publish before configured, topic id 128
[ERROR] [1731749549.119944]: Tried to publish before configured, topic id 125
[ERROR] [1731749549.123125]: Tried to publish before configured, topic id 128
[ERROR] [1731749549.149411]: Tried to publish before configured, topic id 125
[ERROR] [1731749549.152702]: Tried to publish before configured, topic id 128
[ERROR] [1731749549.178973]: Tried to publish before configured, topic id 125
[ERROR] [1731749549.182168]: Tried to publish before configured, topic id 128
[ERROR] [1731749549.207358]: Tried to publish before configured, topic id 125
[ERROR] [1731749549.211724]: Tried to publish before configured, topic id 128
[ERROR] [1731749549.236967]: Tried to publish before configured, topic id 125
[ERROR] [1731749549.239930]: Tried to publish before configured, topic id 128
[ERROR] [1731749549.267096]: Tried to publish before configured, topic id 125
[ERROR] [1731749549.269871]: Tried to publish before configured, topic id 128
[ERROR] [1731749549.297909]: Tried to publish before configured, topic id 125
[ERROR] [1731749549.301471]: Tried to publish before configured, topic id 128
[ERROR] [1731749549.326403]: Tried to publish before configured, topic id 125
[ERROR] [1731749549.330042]: Tried to publish before configured, topic id 128
[ERROR] [1731749549.357881]: Tried to publish before configured, topic id 125
[ERROR] [1731749549.361634]: Tried to publish before configured, topic id 128
[ERROR] [1731749549.387233]: Tried to publish before configured, topic id 125
[ERROR] [1731749549.390941]: Tried to publish before configured, topic id 128
[ERROR] [1731749549.416680]: Tried to publish before configured, topic id 125
[ERROR] [1731749549.420318]: Tried to publish before configured, topic id 128
[ERROR] [1731749549.446965]: Tried to publish before configured, topic id 125
[ERROR] [1731749549.450385]: Tried to publish before configured, topic id 128
[ERROR] [1731749549.475225]: Tried to publish before configured, topic id 125
[ERROR] [1731749549.478761]: Tried to publish before configured, topic id 128
[ERROR] [1731749549.504518]: Tried to publish before configured, topic id 125
[ERROR] [1731749549.508044]: Tried to publish before configured, topic id 128
[ERROR] [1731749549.526688]: Tried to publish before configured, topic id 125
[ERROR] [1731749549.530377]: Tried to publish before configured, topic id 128
[ERROR] [1731749549.549901]: Tried to publish before configured, topic id 125
[ERROR] [1731749549.553557]: Tried to publish before configured, topic id 128
[ERROR] [1731749549.579062]: Tried to publish before configured, topic id 125
[ERROR] [1731749549.583469]: Tried to publish before configured, topic id 128
[ERROR] [1731749549.609710]: Tried to publish before configured, topic id 125
[ERROR] [1731749549.613091]: Tried to publish before configured, topic id 128
[ERROR] [1731749549.639416]: Tried to publish before configured, topic id 125
[ERROR] [1731749549.642722]: Tried to publish before configured, topic id 128
[ERROR] [1731749549.670079]: Tried to publish before configured, topic id 125
[ERROR] [1731749549.672590]: Tried to publish before configured, topic id 128
[ERROR] [1731749549.698982]: Tried to publish before configured, topic id 125
[ERROR] [1731749549.702434]: Tried to publish before configured, topic id 128
[ERROR] [1731749549.728670]: Tried to publish before configured, topic id 125
[ERROR] [1731749549.732460]: Tried to publish before configured, topic id 128
[ERROR] [1731749549.758149]: Tried to publish before configured, topic id 125
[ERROR] [1731749549.760715]: Tried to publish before configured, topic id 128
[ERROR] [1731749549.787203]: Tried to publish before configured, topic id 125
[ERROR] [1731749549.791483]: Tried to publish before configured, topic id 128
[ERROR] [1731749549.810561]: Tried to publish before configured, topic id 125
[ERROR] [1731749549.813734]: Tried to publish before configured, topic id 128
[ERROR] [1731749549.832789]: Tried to publish before configured, topic id 125
[ERROR] [1731749549.835961]: Tried to publish before configured, topic id 128
[ERROR] [1731749549.862404]: Tried to publish before configured, topic id 125
[ERROR] [1731749549.865639]: Tried to publish before configured, topic id 128
[ERROR] [1731749549.893205]: Tried to publish before configured, topic id 125
[ERROR] [1731749549.897437]: Tried to publish before configured, topic id 128
[ERROR] [1731749549.922193]: Tried to publish before configured, topic id 125
[ERROR] [1731749549.926572]: Tried to publish before configured, topic id 128
[INFO] [1731749548.017729]: Requesting topics...
[INFO] [1731749548.021205]: Requesting topics...
[INFO] [1731749548.047780]: Requesting topics...
[INFO] [1731749548.052175]: Requesting topics...
[INFO] [1731749548.078593]: Requesting topics...
[INFO] [1731749548.081917]: Requesting topics...
[INFO] [1731749548.108192]: Requesting topics...
[INFO] [1731749548.111518]: Requesting topics...
[INFO] [1731749548.137639]: Requesting topics...
[INFO] [1731749548.142160]: Requesting topics...
[INFO] [1731749548.167701]: Requesting topics...
[INFO] [1731749548.171977]: Requesting topics...
[INFO] [1731749548.198097]: Requesting topics...
[INFO] [1731749548.227013]: Requesting topics...
[INFO] [1731749548.230319]: Requesting topics...
[INFO] [1731749548.255767]: Requesting topics...
[INFO] [1731749548.260011]: Requesting topics...
[INFO] [1731749548.285373]: Requesting topics...
[INFO] [1731749548.288634]: Requesting topics...
[INFO] [1731749548.315104]: Requesting topics...
[INFO] [1731749548.318291]: Requesting topics...
[INFO] [1731749548.345851]: Requesting topics...
[INFO] [1731749548.350074]: Requesting topics...
[INFO] [1731749548.375691]: Requesting topics...
[INFO] [1731749548.378258]: Requesting topics...
[INFO] [1731749548.404212]: Requesting topics...
[INFO] [1731749548.408100]: Requesting topics...
[INFO] [1731749548.433203]: Requesting topics...
[INFO] [1731749548.436544]: Requesting topics...
[INFO] [1731749548.455819]: Requesting topics...
[INFO] [1731749548.459047]: Requesting topics...
[INFO] [1731749548.484152]: Requesting topics...
[INFO] [1731749548.487280]: Requesting topics...
[INFO] [1731749548.513542]: Requesting topics...
[INFO] [1731749548.516838]: Requesting topics...
[INFO] [1731749548.535039]: Requesting topics...
[INFO] [1731749548.539460]: Requesting topics...
[INFO] [1731749548.564535]: Requesting topics...
[INFO] [1731749548.567871]: Requesting topics...
[INFO] [1731749548.592942]: Requesting topics...
[INFO] [1731749548.596213]: Requesting topics...
[INFO] [1731749548.622686]: Requesting topics...
[INFO] [1731749548.626127]: Requesting topics...
[INFO] [1731749548.651225]: Requesting topics...
[INFO] [1731749548.654598]: Requesting topics...
[INFO] [1731749548.681106]: Requesting topics...
[INFO] [1731749548.684345]: Requesting topics...
[INFO] [1731749548.703714]: Requesting topics...
[INFO] [1731749548.706965]: Requesting topics...
[INFO] [1731749548.732230]: Requesting topics...
[INFO] [1731749548.735524]: Requesting topics...
[INFO] [1731749548.760893]: Requesting topics...
[INFO] [1731749548.764193]: Requesting topics...
[INFO] [1731749548.790481]: Requesting topics...
[INFO] [1731749548.793736]: Requesting topics...
[INFO] [1731749548.819984]: Requesting topics...
[INFO] [1731749548.823229]: Requesting topics...
[INFO] [1731749548.849796]: Requesting topics...
[INFO] [1731749548.854047]: Requesting topics...
[INFO] [1731749548.879910]: Requesting topics...
[INFO] [1731749548.883045]: Requesting topics...
[INFO] [1731749548.909944]: Requesting topics...
[INFO] [1731749548.913089]: Requesting topics...
[INFO] [1731749548.939490]: Requesting topics...
[INFO] [1731749548.942892]: Requesting topics...
[INFO] [1731749548.968033]: Requesting topics...
[INFO] [1731749548.971498]: Requesting topics...
[INFO] [1731749548.998925]: Requesting topics...
[INFO] [1731749549.002423]: Requesting topics...
[INFO] [1731749549.030013]: Requesting topics...
[INFO] [1731749549.033358]: Requesting topics...
[INFO] [1731749549.060807]: Requesting topics...
[INFO] [1731749549.064029]: Requesting topics...
[INFO] [1731749549.090441]: Requesting topics...
[INFO] [1731749549.094019]: Requesting topics...
[INFO] [1731749549.120378]: Requesting topics...
[INFO] [1731749549.123554]: Requesting topics...
[INFO] [1731749549.149850]: Requesting topics...
[INFO] [1731749549.153131]: Requesting topics...
[INFO] [1731749549.179408]: Requesting topics...
[INFO] [1731749549.182600]: Requesting topics...
[INFO] [1731749549.207799]: Requesting topics...
[INFO] [1731749549.212155]: Requesting topics...
[INFO] [1731749549.238087]: Requesting topics...
[INFO] [1731749549.240502]: Requesting topics...
[INFO] [1731749549.268145]: Requesting topics...
[INFO] [1731749549.270422]: Requesting topics...
[INFO] [1731749549.298596]: Requesting topics...
[INFO] [1731749549.302159]: Requesting topics...
[INFO] [1731749549.327065]: Requesting topics...
[INFO] [1731749549.330691]: Requesting topics...
[INFO] [1731749549.358560]: Requesting topics...
[INFO] [1731749549.362289]: Requesting topics...
[INFO] [1731749549.387872]: Requesting topics...
[INFO] [1731749549.391591]: Requesting topics...
[INFO] [1731749549.417327]: Requesting topics...
[INFO] [1731749549.420958]: Requesting topics...
[INFO] [1731749549.447605]: Requesting topics...
[INFO] [1731749549.450852]: Requesting topics...
[INFO] [1731749549.476540]: Requesting topics...
[INFO] [1731749549.479730]: Requesting topics...
[INFO] [1731749549.505827]: Requesting topics...
[INFO] [1731749549.508740]: Requesting topics...
[INFO] [1731749549.527550]: Requesting topics...
[INFO] [1731749549.531068]: Requesting topics...
[INFO] [1731749549.550679]: Requesting topics...
[INFO] [1731749549.554225]: Requesting topics...
[INFO] [1731749549.579561]: Requesting topics...
[INFO] [1731749549.583921]: Requesting topics...
[INFO] [1731749549.610208]: Requesting topics...
[INFO] [1731749549.613540]: Requesting topics...
[INFO] [1731749549.639882]: Requesting topics...
[INFO] [1731749549.643160]: Requesting topics...
[INFO] [1731749549.670722]: Requesting topics...
[INFO] [1731749549.673272]: Requesting topics...
[INFO] [1731749549.699674]: Requesting topics...
[INFO] [1731749549.703074]: Requesting topics...
[INFO] [1731749549.729435]: Requesting topics...
[INFO] [1731749549.733118]: Requesting topics...
[INFO] [1731749549.758807]: Requesting topics...
[INFO] [1731749549.761349]: Requesting topics...
[INFO] [1731749549.787749]: Requesting topics...
[INFO] [1731749549.791987]: Requesting topics...
[INFO] [1731749549.811085]: Requesting topics...
[INFO] [1731749549.814268]: Requesting topics...
[INFO] [1731749549.833294]: Requesting topics...
[INFO] [1731749549.836487]: Requesting topics...
[INFO] [1731749549.862931]: Requesting topics...
[INFO] [1731749549.866163]: Requesting topics...
[INFO] [1731749549.893709]: Requesting topics...
[INFO] [1731749549.897917]: Requesting topics...
[INFO] [1731749549.922853]: Requesting topics...
[INFO] [1731749549.930689]: Requesting topics...
[INFO] [1731749549.952712]: Requesting topics...
[INFO] [1731749549.955919]: Requesting topics...
[INFO] [1731749549.982061]: Requesting topics...
[INFO] [1731749549.985350]: Requesting topics...
[INFO] [1731749550.011564]: Requesting topics...
[INFO] [1731749550.015802]: Requesting topics...
[INFO] [1731749550.042486]: Requesting topics...
[INFO] [1731749550.045790]: Requesting topics...
[INFO] [1731749550.072628]: Requesting topics...
[INFO] [1731749550.075890]: Requesting topics...
[INFO] [1731749550.101050]: Requesting topics...
[INFO] [1731749550.104258]: Requesting topics...
[INFO] [1731749550.129756]: Requesting topics...
[INFO] [1731749550.135103]: Requesting topics...
[INFO] [1731749550.160662]: Requesting topics...
[INFO] [1731749550.165090]: Requesting topics...
[INFO] [1731749550.191278]: Requesting topics...
[INFO] [1731749550.194543]: Requesting topics...
[INFO] [1731749550.220787]: Requesting topics...
[INFO] [1731749550.225154]: Requesting topics...
[INFO] [1731749550.243297]: Requesting topics...
[INFO] [1731749550.247665]: Requesting topics...
[INFO] [1731749550.274218]: Requesting topics...
[INFO] [1731749550.277631]: Requesting topics...
[INFO] [1731749550.302863]: Requesting topics...
[INFO] [1731749550.306363]: Requesting topics...
[INFO] [1731749550.334331]: Requesting topics...
[INFO] [1731749550.337815]: Requesting topics...
[INFO] [1731749550.363817]: Requesting topics...
[INFO] [1731749550.367043]: Requesting topics...
[INFO] [1731749550.386217]: Requesting topics...
[INFO] [1731749550.389407]: Requesting topics...
[INFO] [1731749550.416171]: Requesting topics...
[INFO] [1731749550.419455]: Requesting topics...
[ERROR] [1731749549.952139]: Tried to publish before configured, topic id 125
[ERROR] [1731749549.955459]: Tried to publish before configured, topic id 128
[ERROR] [1731749549.981626]: Tried to publish before configured, topic id 125
[ERROR] [1731749549.984887]: Tried to publish before configured, topic id 128
[ERROR] [1731749550.011091]: Tried to publish before configured, topic id 125
[ERROR] [1731749550.015342]: Tried to publish before configured, topic id 128
[ERROR] [1731749550.041882]: Tried to publish before configured, topic id 125
[ERROR] [1731749550.045376]: Tried to publish before configured, topic id 128
[ERROR] [1731749550.072148]: Tried to publish before configured, topic id 125
[ERROR] [1731749550.075434]: Tried to publish before configured, topic id 128
[ERROR] [1731749550.100593]: Tried to publish before configured, topic id 125
[ERROR] [1731749550.103769]: Tried to publish before configured, topic id 128
[ERROR] [1731749550.129252]: Tried to publish before configured, topic id 125
[ERROR] [1731749550.132890]: Tried to publish before configured, topic id 128
[ERROR] [1731749550.160109]: Tried to publish before configured, topic id 125
[ERROR] [1731749550.164627]: Tried to publish before configured, topic id 128
[ERROR] [1731749550.190794]: Tried to publish before configured, topic id 125
[ERROR] [1731749550.194096]: Tried to publish before configured, topic id 128
[ERROR] [1731749550.220314]: Tried to publish before configured, topic id 125
[ERROR] [1731749550.224687]: Tried to publish before configured, topic id 128
[ERROR] [1731749550.242806]: Tried to publish before configured, topic id 125
[ERROR] [1731749550.247184]: Tried to publish before configured, topic id 128
[ERROR] [1731749550.273547]: Tried to publish before configured, topic id 125
[ERROR] [1731749550.276961]: Tried to publish before configured, topic id 128
[ERROR] [1731749550.302206]: Tried to publish before configured, topic id 125
[ERROR] [1731749550.305798]: Tried to publish before configured, topic id 128
[ERROR] [1731749550.333715]: Tried to publish before configured, topic id 125
[ERROR] [1731749550.337289]: Tried to publish before configured, topic id 128
[ERROR] [1731749550.363189]: Tried to publish before configured, topic id 125
[ERROR] [1731749550.366578]: Tried to publish before configured, topic id 128
[ERROR] [1731749550.385703]: Tried to publish before configured, topic id 125
[ERROR] [1731749550.389025]: Tried to publish before configured, topic id 128
[ERROR] [1731749550.415603]: Tried to publish before configured, topic id 125
[ERROR] [1731749550.419017]: Tried to publish before configured, topic id 128
[ERROR] [1731749550.444075]: Tried to publish before configured, topic id 125
[ERROR] [1731749550.448439]: Tried to publish before configured, topic id 128
[ERROR] [1731749550.466792]: Tried to publish before configured, topic id 125
[ERROR] [1731749550.471160]: Tried to publish before configured, topic id 128
[ERROR] [1731749550.496017]: Tried to publish before configured, topic id 125
[ERROR] [1731749550.499208]: Tried to publish before configured, topic id 128
[ERROR] [1731749550.525583]: Tried to publish before configured, topic id 125
[ERROR] [1731749550.529080]: Tried to publish before configured, topic id 128
[ERROR] [1731749550.555594]: Tried to publish before configured, topic id 125
[ERROR] [1731749550.578132]: Tried to publish before configured, topic id 125
[ERROR] [1731749550.581867]: Tried to publish before configured, topic id 128
[ERROR] [1731749550.606892]: Tried to publish before configured, topic id 125
[ERROR] [1731749550.610390]: Tried to publish before configured, topic id 128
[ERROR] [1731749550.637203]: Tried to publish before configured, topic id 125
[ERROR] [1731749550.639860]: Tried to publish before configured, topic id 128
[ERROR] [1731749550.659353]: Tried to publish before configured, topic id 125
[ERROR] [1731749550.662573]: Tried to publish before configured, topic id 128
[ERROR] [1731749550.687457]: Tried to publish before configured, topic id 125
[ERROR] [1731749550.690764]: Tried to publish before configured, topic id 128
[ERROR] [1731749550.716920]: Tried to publish before configured, topic id 125
[ERROR] [1731749550.720408]: Tried to publish before configured, topic id 128
[ERROR] [1731749550.746853]: Tried to publish before configured, topic id 125
[ERROR] [1731749550.750458]: Tried to publish before configured, topic id 128
[ERROR] [1731749550.778068]: Tried to publish before configured, topic id 125
[ERROR] [1731749550.781117]: Tried to publish before configured, topic id 128
[ERROR] [1731749550.807829]: Tried to publish before configured, topic id 125
[ERROR] [1731749550.811613]: Tried to publish before configured, topic id 128
[ERROR] [1731749550.837288]: Tried to publish before configured, topic id 125
[ERROR] [1731749550.839895]: Tried to publish before configured, topic id 128
[ERROR] [1731749550.859269]: Tried to publish before configured, topic id 125
[ERROR] [1731749550.862528]: Tried to publish before configured, topic id 128
[ERROR] [1731749550.887279]: Tried to publish before configured, topic id 125
[ERROR] [1731749550.891699]: Tried to publish before configured, topic id 128
[ERROR] [1731749550.919197]: Tried to publish before configured, topic id 125
[ERROR] [1731749550.922398]: Tried to publish before configured, topic id 128
[ERROR] [1731749550.941708]: Tried to publish before configured, topic id 125
[ERROR] [1731749550.945053]: Tried to publish before configured, topic id 128
[ERROR] [1731749550.970107]: Tried to publish before configured, topic id 125
[ERROR] [1731749550.974509]: Tried to publish before configured, topic id 128
[ERROR] [1731749551.000942]: Tried to publish before configured, topic id 125
[ERROR] [1731749551.004688]: Tried to publish before configured, topic id 128
[ERROR] [1731749551.030333]: Tried to publish before configured, topic id 125
[ERROR] [1731749551.057694]: Tried to publish before configured, topic id 125
[ERROR] [1731749551.061586]: Tried to publish before configured, topic id 128
[ERROR] [1731749551.079812]: Tried to publish before configured, topic id 125
[ERROR] [1731749551.083646]: Tried to publish before configured, topic id 128
[ERROR] [1731749551.109664]: Tried to publish before configured, topic id 125
[ERROR] [1731749551.113087]: Tried to publish before configured, topic id 128
[ERROR] [1731749551.138496]: Tried to publish before configured, topic id 125
[ERROR] [1731749551.141819]: Tried to publish before configured, topic id 128
[ERROR] [1731749551.168369]: Tried to publish before configured, topic id 125
[ERROR] [1731749551.171655]: Tried to publish before configured, topic id 128
[ERROR] [1731749551.197204]: Tried to publish before configured, topic id 125
[ERROR] [1731749551.201782]: Tried to publish before configured, topic id 128
[ERROR] [1731749551.227112]: Tried to publish before configured, topic id 125
[ERROR] [1731749551.230343]: Tried to publish before configured, topic id 128
[ERROR] [1731749551.256691]: Tried to publish before configured, topic id 125
[ERROR] [1731749551.260095]: Tried to publish before configured, topic id 128
[ERROR] [1731749551.287727]: Tried to publish before configured, topic id 125
[ERROR] [1731749551.291290]: Tried to publish before configured, topic id 128
[ERROR] [1731749551.317649]: Tried to publish before configured, topic id 125
[ERROR] [1731749551.320946]: Tried to publish before configured, topic id 128
[ERROR] [1731749551.348280]: Tried to publish before configured, topic id 125
[ERROR] [1731749551.351585]: Tried to publish before configured, topic id 128
[ERROR] [1731749551.377699]: Tried to publish before configured, topic id 125
[ERROR] [1731749551.381038]: Tried to publish before configured, topic id 128
[ERROR] [1731749551.400508]: Tried to publish before configured, topic id 125
[ERROR] [1731749551.403639]: Tried to publish before configured, topic id 128
[ERROR] [1731749551.429989]: Tried to publish before configured, topic id 125
[ERROR] [1731749551.433043]: Tried to publish before configured, topic id 128
[ERROR] [1731749551.452046]: Tried to publish before configured, topic id 125
[INFO] [1731749550.444521]: Requesting topics...
[INFO] [1731749550.448882]: Requesting topics...
[INFO] [1731749550.467231]: Requesting topics...
[INFO] [1731749550.471593]: Requesting topics...
[INFO] [1731749550.496482]: Requesting topics...
[INFO] [1731749550.499660]: Requesting topics...
[INFO] [1731749550.526293]: Requesting topics...
[INFO] [1731749550.529744]: Requesting topics...
[INFO] [1731749550.557289]: Requesting topics...
[INFO] [1731749550.578778]: Requesting topics...
[INFO] [1731749550.582485]: Requesting topics...
[INFO] [1731749550.607358]: Requesting topics...
[INFO] [1731749550.611213]: Requesting topics...
[INFO] [1731749550.637986]: Requesting topics...
[INFO] [1731749550.640510]: Requesting topics...
[INFO] [1731749550.659837]: Requesting topics...
[INFO] [1731749550.663066]: Requesting topics...
[INFO] [1731749550.687930]: Requesting topics...
[INFO] [1731749550.691227]: Requesting topics...
[INFO] [1731749550.717404]: Requesting topics...
[INFO] [1731749550.721059]: Requesting topics...
[INFO] [1731749550.747529]: Requesting topics...
[INFO] [1731749550.751238]: Requesting topics...
[INFO] [1731749550.779291]: Requesting topics...
[INFO] [1731749550.781807]: Requesting topics...
[INFO] [1731749550.808699]: Requesting topics...
[INFO] [1731749550.812327]: Requesting topics...
[INFO] [1731749550.838271]: Requesting topics...
[INFO] [1731749550.840502]: Requesting topics...
[INFO] [1731749550.859787]: Requesting topics...
[INFO] [1731749550.862978]: Requesting topics...
[INFO] [1731749550.887735]: Requesting topics...
[INFO] [1731749550.892129]: Requesting topics...
[INFO] [1731749550.919662]: Requesting topics...
[INFO] [1731749550.922838]: Requesting topics...
[INFO] [1731749550.942199]: Requesting topics...
[INFO] [1731749550.945478]: Requesting topics...
[INFO] [1731749550.970540]: Requesting topics...
[INFO] [1731749550.974975]: Requesting topics...
[INFO] [1731749551.001684]: Requesting topics...
[INFO] [1731749551.006268]: Requesting topics...
[INFO] [1731749551.031786]: Requesting topics...
[INFO] [1731749551.058562]: Requesting topics...
[INFO] [1731749551.062273]: Requesting topics...
[INFO] [1731749551.080619]: Requesting topics...
[INFO] [1731749551.084345]: Requesting topics...
[INFO] [1731749551.110203]: Requesting topics...
[INFO] [1731749551.113544]: Requesting topics...
[INFO] [1731749551.138998]: Requesting topics...
[INFO] [1731749551.142282]: Requesting topics...
[INFO] [1731749551.168845]: Requesting topics...
[INFO] [1731749551.172113]: Requesting topics...
[INFO] [1731749551.197674]: Requesting topics...
[INFO] [1731749551.202267]: Requesting topics...
[INFO] [1731749551.227568]: Requesting topics...
[INFO] [1731749551.230779]: Requesting topics...
[INFO] [1731749551.257191]: Requesting topics...
[INFO] [1731749551.260542]: Requesting topics...
[INFO] [1731749551.288431]: Requesting topics...
[INFO] [1731749551.291769]: Requesting topics...
[INFO] [1731749551.318102]: Requesting topics...
[INFO] [1731749551.321378]: Requesting topics...
[INFO] [1731749551.348774]: Requesting topics...
[INFO] [1731749551.352048]: Requesting topics...
[INFO] [1731749551.378210]: Requesting topics...
[INFO] [1731749551.381509]: Requesting topics...
[INFO] [1731749551.400948]: Requesting topics...
[INFO] [1731749551.404070]: Requesting topics...
[INFO] [1731749551.430418]: Requesting topics...
[INFO] [1731749551.433447]: Requesting topics...
[INFO] [1731749551.452450]: Requesting topics...
[INFO] [1731749551.456563]: Requesting topics...
[INFO] [1731749551.482721]: Requesting topics...
[INFO] [1731749551.486262]: Requesting topics...
[INFO] [1731749551.504646]: Requesting topics...
[INFO] [1731749551.507883]: Requesting topics...
[INFO] [1731749551.532863]: Requesting topics...
[INFO] [1731749551.537301]: Requesting topics...
[INFO] [1731749551.562631]: Requesting topics...
[INFO] [1731749551.565864]: Requesting topics...
[INFO] [1731749551.590814]: Requesting topics...
[INFO] [1731749551.595081]: Requesting topics...
[INFO] [1731749551.614114]: Requesting topics...
[INFO] [1731749551.617343]: Requesting topics...
[INFO] [1731749551.642226]: Requesting topics...
[INFO] [1731749551.645409]: Requesting topics...
[INFO] [1731749551.664519]: Requesting topics...
[INFO] [1731749551.667664]: Requesting topics...
[INFO] [1731749551.693188]: Requesting topics...
[INFO] [1731749551.697004]: Requesting topics...
[INFO] [1731749551.715596]: Requesting topics...
[INFO] [1731749551.719195]: Requesting topics...
[INFO] [1731749551.745821]: Requesting topics...
[INFO] [1731749551.748255]: Requesting topics...
[INFO] [1731749551.775323]: Requesting topics...
[INFO] [1731749551.778493]: Requesting topics...
[INFO] [1731749551.805773]: Requesting topics...
[INFO] [1731749551.809057]: Requesting topics...
[INFO] [1731749551.828266]: Requesting topics...
[INFO] [1731749551.831496]: Requesting topics...
[INFO] [1731749551.859749]: Requesting topics...
[INFO] [1731749551.862925]: Requesting topics...
[INFO] [1731749551.882071]: Requesting topics...
[INFO] [1731749551.887944]: Requesting topics...
[INFO] [1731749551.911818]: Requesting topics...
[INFO] [1731749551.914340]: Requesting topics...
[INFO] [1731749551.939910]: Requesting topics...
[INFO] [1731749551.943118]: Requesting topics...
[INFO] [1731749551.969619]: Requesting topics...
[INFO] [1731749551.972751]: Requesting topics...
[INFO] [1731749551.998146]: Requesting topics...
[INFO] [1731749552.001267]: Requesting topics...
[INFO] [1731749552.028577]: Requesting topics...
[INFO] [1731749552.031819]: Requesting topics...
[INFO] [1731749552.050059]: Requesting topics...
[INFO] [1731749552.054544]: Requesting topics...
[INFO] [1731749552.078594]: Requesting topics...
[INFO] [1731749552.082988]: Requesting topics...
[INFO] [1731749552.109471]: Requesting topics...
[INFO] [1731749552.112803]: Requesting topics...
[INFO] [1731749552.138980]: Requesting topics...
[INFO] [1731749552.142215]: Requesting topics...
[INFO] [1731749552.168281]: Requesting topics...
[INFO] [1731749552.171527]: Requesting topics...
[INFO] [1731749552.190805]: Requesting topics...
[INFO] [1731749552.194093]: Requesting topics...
[INFO] [1731749552.220282]: Requesting topics...
[INFO] [1731749552.223621]: Requesting topics...
[INFO] [1731749552.249846]: Requesting topics...
[INFO] [1731749552.253135]: Requesting topics...
[INFO] [1731749552.279379]: Requesting topics...
[INFO] [1731749552.282850]: Requesting topics...
[INFO] [1731749552.309477]: Requesting topics...
[INFO] [1731749552.313779]: Requesting topics...
[INFO] [1731749552.338806]: Requesting topics...
[INFO] [1731749552.342389]: Requesting topics...
[INFO] [1731749552.368672]: Requesting topics...
[INFO] [1731749552.372268]: Requesting topics...
[INFO] [1731749552.397523]: Requesting topics...
[INFO] [1731749552.401431]: Requesting topics...
[INFO] [1731749552.426739]: Requesting topics...
[INFO] [1731749552.430072]: Requesting topics...
[INFO] [1731749552.457852]: Requesting topics...
[INFO] [1731749552.461128]: Requesting topics...
[INFO] [1731749552.488623]: Requesting topics...
[INFO] [1731749552.491834]: Requesting topics...
[INFO] [1731749552.519350]: Requesting topics...
[INFO] [1731749552.522619]: Requesting topics...
[INFO] [1731749552.547875]: Requesting topics...
[INFO] [1731749552.551098]: Requesting topics...
[INFO] [1731749552.577924]: Requesting topics...
[INFO] [1731749552.580442]: Requesting topics...
[INFO] [1731749552.607154]: Requesting topics...
[INFO] [1731749552.610732]: Requesting topics...
[INFO] [1731749552.637215]: Requesting topics...
[INFO] [1731749552.641137]: Requesting topics...
[INFO] [1731749552.667738]: Requesting topics...
[INFO] [1731749552.672012]: Requesting topics...
[INFO] [1731749552.690274]: Requesting topics...
[INFO] [1731749552.693597]: Requesting topics...
[INFO] [1731749552.718813]: Requesting topics...
[INFO] [1731749552.722347]: Requesting topics...
[INFO] [1731749552.748002]: Requesting topics...
[INFO] [1731749552.751195]: Requesting topics...
[INFO] [1731749552.778468]: Requesting topics...
[INFO] [1731749552.781617]: Requesting topics...
[INFO] [1731749552.810379]: Requesting topics...
[ERROR] [1731749551.456118]: Tried to publish before configured, topic id 128
[ERROR] [1731749551.482046]: Tried to publish before configured, topic id 125
[ERROR] [1731749551.485741]: Tried to publish before configured, topic id 128
[ERROR] [1731749551.504185]: Tried to publish before configured, topic id 125
[ERROR] [1731749551.507350]: Tried to publish before configured, topic id 128
[ERROR] [1731749551.532374]: Tried to publish before configured, topic id 125
[ERROR] [1731749551.536808]: Tried to publish before configured, topic id 128
[ERROR] [1731749551.562135]: Tried to publish before configured, topic id 125
[ERROR] [1731749551.565468]: Tried to publish before configured, topic id 128
[ERROR] [1731749551.590276]: Tried to publish before configured, topic id 125
[ERROR] [1731749551.594615]: Tried to publish before configured, topic id 128
[ERROR] [1731749551.613678]: Tried to publish before configured, topic id 125
[ERROR] [1731749551.616890]: Tried to publish before configured, topic id 128
[ERROR] [1731749551.641712]: Tried to publish before configured, topic id 125
[ERROR] [1731749551.644942]: Tried to publish before configured, topic id 128
[ERROR] [1731749551.664053]: Tried to publish before configured, topic id 125
[ERROR] [1731749551.667215]: Tried to publish before configured, topic id 128
[ERROR] [1731749551.692520]: Tried to publish before configured, topic id 125
[ERROR] [1731749551.696333]: Tried to publish before configured, topic id 128
[ERROR] [1731749551.714916]: Tried to publish before configured, topic id 125
[ERROR] [1731749551.718522]: Tried to publish before configured, topic id 128
[ERROR] [1731749551.745220]: Tried to publish before configured, topic id 125
[ERROR] [1731749551.747782]: Tried to publish before configured, topic id 128
[ERROR] [1731749551.774861]: Tried to publish before configured, topic id 125
[ERROR] [1731749551.778056]: Tried to publish before configured, topic id 128
[ERROR] [1731749551.805205]: Tried to publish before configured, topic id 125
[ERROR] [1731749551.808602]: Tried to publish before configured, topic id 128
[ERROR] [1731749551.827832]: Tried to publish before configured, topic id 125
[ERROR] [1731749551.831061]: Tried to publish before configured, topic id 128
[ERROR] [1731749551.859268]: Tried to publish before configured, topic id 125
[ERROR] [1731749551.862471]: Tried to publish before configured, topic id 128
[ERROR] [1731749551.881624]: Tried to publish before configured, topic id 125
[ERROR] [1731749551.887360]: Tried to publish before configured, topic id 128
[ERROR] [1731749551.910812]: Tried to publish before configured, topic id 125
[ERROR] [1731749551.913729]: Tried to publish before configured, topic id 128
[ERROR] [1731749551.939389]: Tried to publish before configured, topic id 125
[ERROR] [1731749551.942616]: Tried to publish before configured, topic id 128
[ERROR] [1731749551.969055]: Tried to publish before configured, topic id 125
[ERROR] [1731749551.972236]: Tried to publish before configured, topic id 128
[ERROR] [1731749551.997618]: Tried to publish before configured, topic id 125
[ERROR] [1731749552.000769]: Tried to publish before configured, topic id 128
[ERROR] [1731749552.028077]: Tried to publish before configured, topic id 125
[ERROR] [1731749552.031358]: Tried to publish before configured, topic id 128
[ERROR] [1731749552.049629]: Tried to publish before configured, topic id 125
[ERROR] [1731749552.054091]: Tried to publish before configured, topic id 128
[ERROR] [1731749552.078134]: Tried to publish before configured, topic id 125
[ERROR] [1731749552.082532]: Tried to publish before configured, topic id 128
[ERROR] [1731749552.108876]: Tried to publish before configured, topic id 125
[ERROR] [1731749552.112303]: Tried to publish before configured, topic id 128
[ERROR] [1731749552.138517]: Tried to publish before configured, topic id 125
[ERROR] [1731749552.141707]: Tried to publish before configured, topic id 128
[ERROR] [1731749552.167794]: Tried to publish before configured, topic id 125
[ERROR] [1731749552.171071]: Tried to publish before configured, topic id 128
[ERROR] [1731749552.190333]: Tried to publish before configured, topic id 125
[ERROR] [1731749552.193669]: Tried to publish before configured, topic id 128
[ERROR] [1731749552.219778]: Tried to publish before configured, topic id 125
[ERROR] [1731749552.223174]: Tried to publish before configured, topic id 128
[ERROR] [1731749552.249355]: Tried to publish before configured, topic id 125
[ERROR] [1731749552.252685]: Tried to publish before configured, topic id 128
[ERROR] [1731749552.278899]: Tried to publish before configured, topic id 125
[ERROR] [1731749552.282169]: Tried to publish before configured, topic id 128
[ERROR] [1731749552.308704]: Tried to publish before configured, topic id 125
[ERROR] [1731749552.312450]: Tried to publish before configured, topic id 128
[ERROR] [1731749552.337622]: Tried to publish before configured, topic id 125
[ERROR] [1731749552.341683]: Tried to publish before configured, topic id 128
[ERROR] [1731749552.367793]: Tried to publish before configured, topic id 125
[ERROR] [1731749552.371586]: Tried to publish before configured, topic id 128
[ERROR] [1731749552.396756]: Tried to publish before configured, topic id 125
[ERROR] [1731749552.400656]: Tried to publish before configured, topic id 128
[ERROR] [1731749552.426223]: Tried to publish before configured, topic id 125
[ERROR] [1731749552.429636]: Tried to publish before configured, topic id 128
[ERROR] [1731749552.457396]: Tried to publish before configured, topic id 125
[ERROR] [1731749552.460698]: Tried to publish before configured, topic id 128
[ERROR] [1731749552.488160]: Tried to publish before configured, topic id 125
[ERROR] [1731749552.491400]: Tried to publish before configured, topic id 128
[ERROR] [1731749552.518880]: Tried to publish before configured, topic id 125
[ERROR] [1731749552.522162]: Tried to publish before configured, topic id 128
[ERROR] [1731749552.547406]: Tried to publish before configured, topic id 125
[ERROR] [1731749552.550657]: Tried to publish before configured, topic id 128
[ERROR] [1731749552.576726]: Tried to publish before configured, topic id 125
[ERROR] [1731749552.579849]: Tried to publish before configured, topic id 128
[ERROR] [1731749552.606279]: Tried to publish before configured, topic id 125
[ERROR] [1731749552.610024]: Tried to publish before configured, topic id 128
[ERROR] [1731749552.636561]: Tried to publish before configured, topic id 125
[ERROR] [1731749552.640407]: Tried to publish before configured, topic id 128
[ERROR] [1731749552.667212]: Tried to publish before configured, topic id 125
[ERROR] [1731749552.671556]: Tried to publish before configured, topic id 128
[ERROR] [1731749552.689809]: Tried to publish before configured, topic id 125
[ERROR] [1731749552.693150]: Tried to publish before configured, topic id 128
[ERROR] [1731749552.718361]: Tried to publish before configured, topic id 125
[ERROR] [1731749552.721769]: Tried to publish before configured, topic id 128
[ERROR] [1731749552.747277]: Tried to publish before configured, topic id 125
[ERROR] [1731749552.750746]: Tried to publish before configured, topic id 128
[ERROR] [1731749552.777982]: Tried to publish before configured, topic id 125
[ERROR] [1731749552.781181]: Tried to publish before configured, topic id 128
[ERROR] [1731749552.808518]: Tried to publish before configured, topic id 125
[ERROR] [1731749552.831662]: Tried to publish before configured, topic id 125
[ERROR] [1731749552.835009]: Tried to publish before configured, topic id 128
[ERROR] [1731749552.860154]: Tried to publish before configured, topic id 125
[ERROR] [1731749552.864538]: Tried to publish before configured, topic id 128
[ERROR] [1731749552.892110]: Tried to publish before configured, topic id 125
[ERROR] [1731749552.895369]: Tried to publish before configured, topic id 128
[ERROR] [1731749552.922823]: Tried to publish before configured, topic id 125
[ERROR] [1731749552.926209]: Tried to publish before configured, topic id 128
[ERROR] [1731749552.953888]: Tried to publish before configured, topic id 125
[ERROR] [1731749552.957165]: Tried to publish before configured, topic id 128
[ERROR] [1731749552.984002]: Tried to publish before configured, topic id 125
[ERROR] [1731749552.987194]: Tried to publish before configured, topic id 128
[ERROR] [1731749553.013885]: Tried to publish before configured, topic id 125
[ERROR] [1731749553.017771]: Tried to publish before configured, topic id 128
[ERROR] [1731749553.042125]: Tried to publish before configured, topic id 125
[ERROR] [1731749553.046457]: Tried to publish before configured, topic id 128
[ERROR] [1731749553.071694]: Tried to publish before configured, topic id 125
[ERROR] [1731749553.074850]: Tried to publish before configured, topic id 128
[ERROR] [1731749553.103218]: Tried to publish before configured, topic id 125
[ERROR] [1731749553.106510]: Tried to publish before configured, topic id 128
[ERROR] [1731749553.131667]: Tried to publish before configured, topic id 125
[ERROR] [1731749553.134948]: Tried to publish before configured, topic id 128
[ERROR] [1731749553.162422]: Tried to publish before configured, topic id 125
[ERROR] [1731749553.166787]: Tried to publish before configured, topic id 128
[ERROR] [1731749553.193171]: Tried to publish before configured, topic id 125
[ERROR] [1731749553.196479]: Tried to publish before configured, topic id 128
[ERROR] [1731749553.215430]: Tried to publish before configured, topic id 125
[ERROR] [1731749553.244366]: Tried to publish before configured, topic id 125
[ERROR] [1731749553.247966]: Tried to publish before configured, topic id 128
[ERROR] [1731749553.267439]: Tried to publish before configured, topic id 125
[ERROR] [1731749553.270685]: Tried to publish before configured, topic id 128
[ERROR] [1731749553.296962]: Tried to publish before configured, topic id 125
[ERROR] [1731749553.300117]: Tried to publish before configured, topic id 128
[ERROR] [1731749553.319180]: Tried to publish before configured, topic id 125
[ERROR] [1731749553.322226]: Tried to publish before configured, topic id 128
[ERROR] [1731749553.349591]: Tried to publish before configured, topic id 125
[ERROR] [1731749553.352815]: Tried to publish before configured, topic id 128
[ERROR] [1731749553.379202]: Tried to publish before configured, topic id 125
[ERROR] [1731749553.382469]: Tried to publish before configured, topic id 128
[ERROR] [1731749553.407499]: Tried to publish before configured, topic id 125
[ERROR] [1731749553.410742]: Tried to publish before configured, topic id 128
[ERROR] [1731749553.436789]: Tried to publish before configured, topic id 125
[ERROR] [1731749553.440076]: Tried to publish before configured, topic id 128
[ERROR] [1731749553.465404]: Tried to publish before configured, topic id 125
[ERROR] [1731749553.469856]: Tried to publish before configured, topic id 128
[ERROR] [1731749553.497210]: Tried to publish before configured, topic id 125
[ERROR] [1731749553.500341]: Tried to publish before configured, topic id 128
[ERROR] [1731749553.525607]: Tried to publish before configured, topic id 125
[ERROR] [1731749553.528850]: Tried to publish before configured, topic id 128
[ERROR] [1731749553.555305]: Tried to publish before configured, topic id 125
[ERROR] [1731749553.559739]: Tried to publish before configured, topic id 128
[ERROR] [1731749553.585863]: Tried to publish before configured, topic id 125
[ERROR] [1731749553.589194]: Tried to publish before configured, topic id 128
[ERROR] [1731749553.615244]: Tried to publish before configured, topic id 125
[ERROR] [1731749553.619666]: Tried to publish before configured, topic id 128
[ERROR] [1731749553.645063]: Tried to publish before configured, topic id 125
[ERROR] [1731749553.648603]: Tried to publish before configured, topic id 128
[ERROR] [1731749553.673894]: Tried to publish before configured, topic id 125
[ERROR] [1731749553.677257]: Tried to publish before configured, topic id 128
[ERROR] [1731749553.703901]: Tried to publish before configured, topic id 125
[ERROR] [1731749553.707053]: Tried to publish before configured, topic id 128
[ERROR] [1731749553.734249]: Tried to publish before configured, topic id 125
[ERROR] [1731749553.738642]: Tried to publish before configured, topic id 128
[ERROR] [1731749553.765086]: Tried to publish before configured, topic id 125
[ERROR] [1731749553.768305]: Tried to publish before configured, topic id 128
[ERROR] [1731749553.787598]: Tried to publish before configured, topic id 125
[ERROR] [1731749553.790890]: Tried to publish before configured, topic id 128
[ERROR] [1731749553.809392]: Tried to publish before configured, topic id 125
[ERROR] [1731749553.812699]: Tried to publish before configured, topic id 128
[ERROR] [1731749553.832277]: Tried to publish before configured, topic id 125
[ERROR] [1731749553.835681]: Tried to publish before configured, topic id 128
[ERROR] [1731749553.863041]: Tried to publish before configured, topic id 125
[ERROR] [1731749553.866347]: Tried to publish before configured, topic id 128
[ERROR] [1731749553.892688]: Tried to publish before configured, topic id 125
[ERROR] [1731749553.896493]: Tried to publish before configured, topic id 128
[ERROR] [1731749553.922568]: Tried to publish before configured, topic id 125
[ERROR] [1731749553.926369]: Tried to publish before configured, topic id 128
[ERROR] [1731749553.953866]: Tried to publish before configured, topic id 125
[ERROR] [1731749553.957289]: Tried to publish before configured, topic id 128
[ERROR] [1731749553.983762]: Tried to publish before configured, topic id 125
[ERROR] [1731749553.987016]: Tried to publish before configured, topic id 128
[ERROR] [1731749554.013282]: Tried to publish before configured, topic id 125
[ERROR] [1731749554.017777]: Tried to publish before configured, topic id 128
[ERROR] [1731749554.036186]: Tried to publish before configured, topic id 125
[ERROR] [1731749554.039285]: Tried to publish before configured, topic id 128
[ERROR] [1731749554.064337]: Tried to publish before configured, topic id 125
[ERROR] [1731749554.068664]: Tried to publish before configured, topic id 128
[ERROR] [1731749554.095172]: Tried to publish before configured, topic id 125
[ERROR] [1731749554.117176]: Tried to publish before configured, topic id 125
[ERROR] [1731749554.120236]: Tried to publish before configured, topic id 128
[ERROR] [1731749554.148243]: Tried to publish before configured, topic id 125
[ERROR] [1731749554.150777]: Tried to publish before configured, topic id 128
[ERROR] [1731749554.177310]: Tried to publish before configured, topic id 125
[ERROR] [1731749554.180704]: Tried to publish before configured, topic id 128
[ERROR] [1731749554.207129]: Tried to publish before configured, topic id 125
[ERROR] [1731749554.210329]: Tried to publish before configured, topic id 128
[ERROR] [1731749554.236326]: Tried to publish before configured, topic id 125
[ERROR] [1731749554.240671]: Tried to publish before configured, topic id 128
[ERROR] [1731749554.265694]: Tried to publish before configured, topic id 125
[ERROR] [1731749554.269002]: Tried to publish before configured, topic id 128
[ERROR] [1731749554.294432]: Tried to publish before configured, topic id 125
[ERROR] [1731749554.298709]: Tried to publish before configured, topic id 128
[ERROR] [1731749554.326190]: Tried to publish before configured, topic id 125
[ERROR] [1731749554.329380]: Tried to publish before configured, topic id 128
[ERROR] [1731749554.354643]: Tried to publish before configured, topic id 125
[ERROR] [1731749554.358118]: Tried to publish before configured, topic id 128
[ERROR] [1731749554.383962]: Tried to publish before configured, topic id 125
[ERROR] [1731749554.387170]: Tried to publish before configured, topic id 128
[ERROR] [1731749554.406199]: Tried to publish before configured, topic id 125
[ERROR] [1731749554.409393]: Tried to publish before configured, topic id 128
[ERROR] [1731749554.435843]: Tried to publish before configured, topic id 125
[ERROR] [1731749554.439132]: Tried to publish before configured, topic id 128
[ERROR] [1731749554.465396]: Tried to publish before configured, topic id 125
[ERROR] [1731749554.469865]: Tried to publish before configured, topic id 128
[ERROR] [1731749554.495217]: Tried to publish before configured, topic id 125
[ERROR] [1731749554.499584]: Tried to publish before configured, topic id 128
[ERROR] [1731749554.525860]: Tried to publish before configured, topic id 125
[ERROR] [1731749554.529133]: Tried to publish before configured, topic id 128
[ERROR] [1731749554.555256]: Tried to publish before configured, topic id 125
[ERROR] [1731749554.557668]: Tried to publish before configured, topic id 128
[ERROR] [1731749554.583807]: Tried to publish before configured, topic id 125
[ERROR] [1731749554.587214]: Tried to publish before configured, topic id 128
[ERROR] [1731749554.612392]: Tried to publish before configured, topic id 125
[ERROR] [1731749554.616657]: Tried to publish before configured, topic id 128
[ERROR] [1731749554.641546]: Tried to publish before configured, topic id 125
[ERROR] [1731749554.645746]: Tried to publish before configured, topic id 128
[ERROR] [1731749554.672214]: Tried to publish before configured, topic id 125
[ERROR] [1731749554.675411]: Tried to publish before configured, topic id 128
[ERROR] [1731749554.701735]: Tried to publish before configured, topic id 125
[ERROR] [1731749554.705243]: Tried to publish before configured, topic id 128
[ERROR] [1731749554.730737]: Tried to publish before configured, topic id 125
[ERROR] [1731749554.734387]: Tried to publish before configured, topic id 128
[ERROR] [1731749554.759310]: Tried to publish before configured, topic id 125
[ERROR] [1731749554.763197]: Tried to publish before configured, topic id 128
[ERROR] [1731749554.788828]: Tried to publish before configured, topic id 125
[ERROR] [1731749554.792466]: Tried to publish before configured, topic id 128
[ERROR] [1731749554.819255]: Tried to publish before configured, topic id 125
[ERROR] [1731749554.821885]: Tried to publish before configured, topic id 128
[ERROR] [1731749554.848657]: Tried to publish before configured, topic id 125
[ERROR] [1731749554.852398]: Tried to publish before configured, topic id 128
[ERROR] [1731749554.879151]: Tried to publish before configured, topic id 125
[ERROR] [1731749554.881752]: Tried to publish before configured, topic id 128
[ERROR] [1731749554.908478]: Tried to publish before configured, topic id 125
[ERROR] [1731749554.912192]: Tried to publish before configured, topic id 128
[ERROR] [1731749554.940195]: Tried to publish before configured, topic id 125
[ERROR] [1731749554.943826]: Tried to publish before configured, topic id 128
[ERROR] [1731749554.962197]: Tried to publish before configured, topic id 125
[ERROR] [1731749554.965511]: Tried to publish before configured, topic id 128
[ERROR] [1731749554.991587]: Tried to publish before configured, topic id 125
[ERROR] [1731749554.995104]: Tried to publish before configured, topic id 128
[ERROR] [1731749555.020411]: Tried to publish before configured, topic id 125
[ERROR] [1731749555.024128]: Tried to publish before configured, topic id 128
[ERROR] [1731749555.050742]: Tried to publish before configured, topic id 125
[ERROR] [1731749555.054241]: Tried to publish before configured, topic id 128
[ERROR] [1731749555.078239]: Tried to publish before configured, topic id 125
[ERROR] [1731749555.081769]: Tried to publish before configured, topic id 128
[ERROR] [1731749555.108698]: Tried to publish before configured, topic id 125
[ERROR] [1731749555.112043]: Tried to publish before configured, topic id 128
[ERROR] [1731749555.138354]: Tried to publish before configured, topic id 125
[ERROR] [1731749555.141708]: Tried to publish before configured, topic id 128
[INFO] [1731749552.832128]: Requesting topics...
[INFO] [1731749552.835445]: Requesting topics...
[INFO] [1731749552.860613]: Requesting topics...
[INFO] [1731749552.864970]: Requesting topics...
[INFO] [1731749552.892578]: Requesting topics...
[INFO] [1731749552.895811]: Requesting topics...
[INFO] [1731749552.923387]: Requesting topics...
[INFO] [1731749552.926661]: Requesting topics...
[INFO] [1731749552.954431]: Requesting topics...
[INFO] [1731749552.957640]: Requesting topics...
[INFO] [1731749552.984461]: Requesting topics...
[INFO] [1731749552.987636]: Requesting topics...
[INFO] [1731749553.015277]: Requesting topics...
[INFO] [1731749553.018931]: Requesting topics...
[INFO] [1731749553.042628]: Requesting topics...
[INFO] [1731749553.046903]: Requesting topics...
[INFO] [1731749553.072154]: Requesting topics...
[INFO] [1731749553.075237]: Requesting topics...
[INFO] [1731749553.103748]: Requesting topics...
[INFO] [1731749553.106997]: Requesting topics...
[INFO] [1731749553.132126]: Requesting topics...
[INFO] [1731749553.135389]: Requesting topics...
[INFO] [1731749553.162897]: Requesting topics...
[INFO] [1731749553.167242]: Requesting topics...
[INFO] [1731749553.193650]: Requesting topics...
[INFO] [1731749553.196910]: Requesting topics...
[INFO] [1731749553.217160]: Requesting topics...
[INFO] [1731749553.245003]: Requesting topics...
[INFO] [1731749553.248418]: Requesting topics...
[INFO] [1731749553.267894]: Requesting topics...
[INFO] [1731749553.271132]: Requesting topics...
[INFO] [1731749553.297414]: Requesting topics...
[INFO] [1731749553.300619]: Requesting topics...
[INFO] [1731749553.319619]: Requesting topics...
[INFO] [1731749553.322633]: Requesting topics...
[INFO] [1731749553.350029]: Requesting topics...
[INFO] [1731749553.353204]: Requesting topics...
[INFO] [1731749553.379691]: Requesting topics...
[INFO] [1731749553.382934]: Requesting topics...
[INFO] [1731749553.407949]: Requesting topics...
[INFO] [1731749553.411179]: Requesting topics...
[INFO] [1731749553.438297]: Requesting topics...
[INFO] [1731749553.440535]: Requesting topics...
[INFO] [1731749553.465821]: Requesting topics...
[INFO] [1731749553.470352]: Requesting topics...
[INFO] [1731749553.497654]: Requesting topics...
[INFO] [1731749553.500724]: Requesting topics...
[INFO] [1731749553.526011]: Requesting topics...
[INFO] [1731749553.529276]: Requesting topics...
[INFO] [1731749553.555777]: Requesting topics...
[INFO] [1731749553.560182]: Requesting topics...
[INFO] [1731749553.586334]: Requesting topics...
[INFO] [1731749553.589624]: Requesting topics...
[INFO] [1731749553.615698]: Requesting topics...
[INFO] [1731749553.620104]: Requesting topics...
[INFO] [1731749553.645710]: Requesting topics...
[INFO] [1731749553.649076]: Requesting topics...
[INFO] [1731749553.674392]: Requesting topics...
[INFO] [1731749553.677697]: Requesting topics...
[INFO] [1731749553.704358]: Requesting topics...
[INFO] [1731749553.707500]: Requesting topics...
[INFO] [1731749553.734697]: Requesting topics...
[INFO] [1731749553.739109]: Requesting topics...
[INFO] [1731749553.765546]: Requesting topics...
[INFO] [1731749553.768737]: Requesting topics...
[INFO] [1731749553.788050]: Requesting topics...
[INFO] [1731749553.791328]: Requesting topics...
[INFO] [1731749553.809799]: Requesting topics...
[INFO] [1731749553.813128]: Requesting topics...
[INFO] [1731749553.832721]: Requesting topics...
[INFO] [1731749553.836300]: Requesting topics...
[INFO] [1731749553.864309]: Requesting topics...
[INFO] [1731749553.867022]: Requesting topics...
[INFO] [1731749553.893635]: Requesting topics...
[INFO] [1731749553.897272]: Requesting topics...
[INFO] [1731749553.923359]: Requesting topics...
[INFO] [1731749553.927049]: Requesting topics...
[INFO] [1731749553.954391]: Requesting topics...
[INFO] [1731749553.957774]: Requesting topics...
[INFO] [1731749553.984213]: Requesting topics...
[INFO] [1731749553.987446]: Requesting topics...
[INFO] [1731749554.013717]: Requesting topics...
[INFO] [1731749554.018242]: Requesting topics...
[INFO] [1731749554.036614]: Requesting topics...
[INFO] [1731749554.039727]: Requesting topics...
[INFO] [1731749554.064774]: Requesting topics...
[INFO] [1731749554.069091]: Requesting topics...
[INFO] [1731749554.096494]: Requesting topics...
[INFO] [1731749554.118356]: Requesting topics...
[INFO] [1731749554.120897]: Requesting topics...
[INFO] [1731749554.149112]: Requesting topics...
[INFO] [1731749554.151326]: Requesting topics...
[INFO] [1731749554.177753]: Requesting topics...
[INFO] [1731749554.181321]: Requesting topics...
[INFO] [1731749554.207609]: Requesting topics...
[INFO] [1731749554.210772]: Requesting topics...
[INFO] [1731749554.236789]: Requesting topics...
[INFO] [1731749554.241065]: Requesting topics...
[INFO] [1731749554.266209]: Requesting topics...
[INFO] [1731749554.269463]: Requesting topics...
[INFO] [1731749554.294975]: Requesting topics...
[INFO] [1731749554.299205]: Requesting topics...
[INFO] [1731749554.326717]: Requesting topics...
[INFO] [1731749554.329930]: Requesting topics...
[INFO] [1731749554.355382]: Requesting topics...
[INFO] [1731749554.358596]: Requesting topics...
[INFO] [1731749554.384513]: Requesting topics...
[INFO] [1731749554.387683]: Requesting topics...
[INFO] [1731749554.406711]: Requesting topics...
[INFO] [1731749554.409905]: Requesting topics...
[INFO] [1731749554.436352]: Requesting topics...
[INFO] [1731749554.439590]: Requesting topics...
[INFO] [1731749554.465840]: Requesting topics...
[INFO] [1731749554.470433]: Requesting topics...
[INFO] [1731749554.495784]: Requesting topics...
[INFO] [1731749554.500050]: Requesting topics...
[INFO] [1731749554.526354]: Requesting topics...
[INFO] [1731749554.529576]: Requesting topics...
[INFO] [1731749554.555910]: Requesting topics...
[INFO] [1731749554.558084]: Requesting topics...
[INFO] [1731749554.584370]: Requesting topics...
[INFO] [1731749554.587655]: Requesting topics...
[INFO] [1731749554.612870]: Requesting topics...
[INFO] [1731749554.617059]: Requesting topics...
[INFO] [1731749554.641957]: Requesting topics...
[INFO] [1731749554.646218]: Requesting topics...
[INFO] [1731749554.672699]: Requesting topics...
[INFO] [1731749554.675806]: Requesting topics...
[INFO] [1731749554.702284]: Requesting topics...
[INFO] [1731749554.705892]: Requesting topics...
[INFO] [1731749554.731442]: Requesting topics...
[INFO] [1731749554.735025]: Requesting topics...
[INFO] [1731749554.760062]: Requesting topics...
[INFO] [1731749554.763784]: Requesting topics...
[INFO] [1731749554.789476]: Requesting topics...
[INFO] [1731749554.793116]: Requesting topics...
[INFO] [1731749554.819971]: Requesting topics...
[INFO] [1731749554.822537]: Requesting topics...
[INFO] [1731749554.849304]: Requesting topics...
[INFO] [1731749554.853046]: Requesting topics...
[INFO] [1731749554.879828]: Requesting topics...
[INFO] [1731749554.882307]: Requesting topics...
[INFO] [1731749554.909130]: Requesting topics...
[INFO] [1731749554.912832]: Requesting topics...
[INFO] [1731749554.940839]: Requesting topics...
[INFO] [1731749554.944472]: Requesting topics...
[INFO] [1731749554.963637]: Requesting topics...
[INFO] [1731749554.966123]: Requesting topics...
[INFO] [1731749554.992304]: Requesting topics...
[INFO] [1731749554.995699]: Requesting topics...
[INFO] [1731749555.021167]: Requesting topics...
[INFO] [1731749555.024783]: Requesting topics...
[INFO] [1731749555.051394]: Requesting topics...
[INFO] [1731749555.054888]: Requesting topics...
[INFO] [1731749555.078836]: Requesting topics...
[INFO] [1731749555.082451]: Requesting topics...
[INFO] [1731749555.109212]: Requesting topics...
[INFO] [1731749555.112512]: Requesting topics...
[INFO] [1731749555.138828]: Requesting topics...
[INFO] [1731749555.142210]: Requesting topics...
[INFO] [1731749555.148434]: Sending tx stop request
[INFO] [1731749555.149030]: shutdown hook activated
... logging to /home/marta/.ros/log/abf8c0f8-a3fd-11ef-adcd-1fcf2fa97aeb/roslaunch-marta-NUC11PAHi7-6576.log
Checking log directory for disk usage. This may take a while.
Press Ctrl-C to interrupt
Done checking log file disk usage. Usage is <1GB.
]2;/home/marta/marta_simulation/Martha_ws/src/defesa/launch/marta_tracking.launch
[1mstarted roslaunch server http://192.168.1.3:45879/[0m

SUMMARY
========

PARAMETERS
 * /rosdistro: noetic
 * /rosversion: 1.16.0

NODES
  /
    ball_tracking_node (defesa/ball_tracking.py)
    head_control_node (defesa/servo_angles_track.py)
    serial_node (rosserial_python/serial_node.py)

auto-starting new master
[1mprocess[master]: started with pid [6591][0m
[1mROS_MASTER_URI=http://192.168.1.3:11311[0m
]2;/home/marta/marta_simulation/Martha_ws/src/defesa/launch/marta_tracking.launch http://192.168.1.3:11311
[1msetting /run_id to abf8c0f8-a3fd-11ef-adcd-1fcf2fa97aeb[0m
[1mprocess[rosout-1]: started with pid [6608][0m
started core service [/rosout]
[1mprocess[serial_node-2]: started with pid [6611][0m
[1mprocess[ball_tracking_node-3]: started with pid [6613][0m
[1mprocess[head_control_node-4]: started with pid [6617][0m
[head_control_node-4] killing on exit
[ball_tracking_node-3] killing on exit
[serial_node-2] killing on exit
[rosout-1] killing on exit
[master] killing on exit
shutting down processing monitor...
... shutting down processing monitor complete
[1mdone[0m
